--
-- PostgreSQL database dump
--

-- Dumped from database version 14.5 (Ubuntu 14.5-0ubuntu0.22.04.1)
-- Dumped by pg_dump version 14.5 (Ubuntu 14.5-0ubuntu0.22.04.1)

-- Started on 2022-11-24 18:17:04 -03

SET statement_timeout = 0;
SET lock_timeout = 0;
SET idle_in_transaction_session_timeout = 0;
SET client_encoding = 'UTF8';
SET standard_conforming_strings = on;
SELECT pg_catalog.set_config('search_path', '', false);
SET check_function_bodies = false;
SET xmloption = content;
SET client_min_messages = warning;
SET row_security = off;

SET default_tablespace = '';

SET default_table_access_method = heap;

--
-- TOC entry 236 (class 1259 OID 16567)
-- Name: Proyect_Agile_miembro; Type: TABLE; Schema: public; Owner: usuario
--

CREATE TABLE public."Proyect_Agile_miembro" (
    id bigint NOT NULL,
    cargahoraria integer NOT NULL,
    idproyecto_id bigint,
    idrol_id bigint,
    "isActivo" boolean NOT NULL,
    usuario_id integer NOT NULL,
    "horasDisponibles" integer
);


ALTER TABLE public."Proyect_Agile_miembro" OWNER TO usuario;

--
-- TOC entry 235 (class 1259 OID 16566)
-- Name: Proyect_Agile_miembro_id_seq; Type: SEQUENCE; Schema: public; Owner: usuario
--

ALTER TABLE public."Proyect_Agile_miembro" ALTER COLUMN id ADD GENERATED BY DEFAULT AS IDENTITY (
    SEQUENCE NAME public."Proyect_Agile_miembro_id_seq"
    START WITH 1
    INCREMENT BY 1
    NO MINVALUE
    NO MAXVALUE
    CACHE 1
);


--
-- TOC entry 230 (class 1259 OID 16528)
-- Name: Proyect_Agile_proyecto; Type: TABLE; Schema: public; Owner: usuario
--

CREATE TABLE public."Proyect_Agile_proyecto" (
    id bigint NOT NULL,
    nombre character varying(200) NOT NULL,
    descripcion text,
    estado character varying(1) NOT NULL,
    fechafin date NOT NULL,
    fechainicio date NOT NULL,
    "scrumMaster_id" integer NOT NULL
);


ALTER TABLE public."Proyect_Agile_proyecto" OWNER TO usuario;

--
-- TOC entry 229 (class 1259 OID 16527)
-- Name: Proyect_Agile_proyecto_id_seq; Type: SEQUENCE; Schema: public; Owner: usuario
--

ALTER TABLE public."Proyect_Agile_proyecto" ALTER COLUMN id ADD GENERATED BY DEFAULT AS IDENTITY (
    SEQUENCE NAME public."Proyect_Agile_proyecto_id_seq"
    START WITH 1
    INCREMENT BY 1
    NO MINVALUE
    NO MAXVALUE
    CACHE 1
);


--
-- TOC entry 238 (class 1259 OID 16665)
-- Name: Proyect_Agile_proyecto_miembros; Type: TABLE; Schema: public; Owner: usuario
--

CREATE TABLE public."Proyect_Agile_proyecto_miembros" (
    id bigint NOT NULL,
    proyecto_id bigint NOT NULL,
    miembro_id bigint NOT NULL
);


ALTER TABLE public."Proyect_Agile_proyecto_miembros" OWNER TO usuario;

--
-- TOC entry 237 (class 1259 OID 16664)
-- Name: Proyect_Agile_proyecto_miembros_id_seq; Type: SEQUENCE; Schema: public; Owner: usuario
--

ALTER TABLE public."Proyect_Agile_proyecto_miembros" ALTER COLUMN id ADD GENERATED BY DEFAULT AS IDENTITY (
    SEQUENCE NAME public."Proyect_Agile_proyecto_miembros_id_seq"
    START WITH 1
    INCREMENT BY 1
    NO MINVALUE
    NO MAXVALUE
    CACHE 1
);


--
-- TOC entry 234 (class 1259 OID 16559)
-- Name: Proyect_Agile_rol; Type: TABLE; Schema: public; Owner: usuario
--

CREATE TABLE public."Proyect_Agile_rol" (
    id bigint NOT NULL,
    nombre character varying(250) NOT NULL,
    descripcion text,
    "agregarUserStory" boolean NOT NULL,
    "eliminarUserStory" boolean NOT NULL,
    "modificarUserStory" boolean NOT NULL,
    "agregarMiembro" boolean NOT NULL,
    "modificarMiembro" boolean NOT NULL,
    "eliminarMiembro" boolean NOT NULL,
    "crearRol" boolean NOT NULL,
    "modificarRol" boolean NOT NULL,
    "eliminarRol" boolean NOT NULL,
    "crearSprint" boolean NOT NULL,
    "empezarSprint" boolean NOT NULL,
    "finalizarSprint" boolean NOT NULL,
    "agregarSprintBacklog" boolean NOT NULL,
    "modificarSprintBacklog" boolean NOT NULL,
    "idProyecto_id" bigint
);


ALTER TABLE public."Proyect_Agile_rol" OWNER TO usuario;

--
-- TOC entry 233 (class 1259 OID 16558)
-- Name: Proyect_Agile_rol_id_seq; Type: SEQUENCE; Schema: public; Owner: usuario
--

ALTER TABLE public."Proyect_Agile_rol" ALTER COLUMN id ADD GENERATED BY DEFAULT AS IDENTITY (
    SEQUENCE NAME public."Proyect_Agile_rol_id_seq"
    START WITH 1
    INCREMENT BY 1
    NO MINVALUE
    NO MAXVALUE
    CACHE 1
);


--
-- TOC entry 255 (class 1259 OID 65537)
-- Name: Proyect_Agile_sprint; Type: TABLE; Schema: public; Owner: usuario
--

CREATE TABLE public."Proyect_Agile_sprint" (
    id bigint NOT NULL,
    nombre character varying(200) NOT NULL,
    fechainicio date NOT NULL,
    fechafin date NOT NULL,
    estado character varying(1) NOT NULL,
    idproyecto_id bigint NOT NULL,
    numero integer
);


ALTER TABLE public."Proyect_Agile_sprint" OWNER TO usuario;

--
-- TOC entry 254 (class 1259 OID 65536)
-- Name: Proyect_Agile_sprint_id_seq; Type: SEQUENCE; Schema: public; Owner: usuario
--

ALTER TABLE public."Proyect_Agile_sprint" ALTER COLUMN id ADD GENERATED BY DEFAULT AS IDENTITY (
    SEQUENCE NAME public."Proyect_Agile_sprint_id_seq"
    START WITH 1
    INCREMENT BY 1
    NO MINVALUE
    NO MAXVALUE
    CACHE 1
);


--
-- TOC entry 257 (class 1259 OID 106497)
-- Name: Proyect_Agile_tarea; Type: TABLE; Schema: public; Owner: usuario
--

CREATE TABLE public."Proyect_Agile_tarea" (
    id bigint NOT NULL,
    nombre text NOT NULL,
    "idUs_id" bigint NOT NULL,
    duracion integer NOT NULL
);


ALTER TABLE public."Proyect_Agile_tarea" OWNER TO usuario;

--
-- TOC entry 256 (class 1259 OID 106496)
-- Name: Proyect_Agile_tarea_id_seq; Type: SEQUENCE; Schema: public; Owner: usuario
--

ALTER TABLE public."Proyect_Agile_tarea" ALTER COLUMN id ADD GENERATED BY DEFAULT AS IDENTITY (
    SEQUENCE NAME public."Proyect_Agile_tarea_id_seq"
    START WITH 1
    INCREMENT BY 1
    NO MINVALUE
    NO MAXVALUE
    CACHE 1
);


--
-- TOC entry 253 (class 1259 OID 49161)
-- Name: Proyect_Agile_tipous; Type: TABLE; Schema: public; Owner: usuario
--

CREATE TABLE public."Proyect_Agile_tipous" (
    id bigint NOT NULL,
    nombre character varying(100) NOT NULL,
    estado text NOT NULL,
    idproyecto_id bigint
);


ALTER TABLE public."Proyect_Agile_tipous" OWNER TO usuario;

--
-- TOC entry 252 (class 1259 OID 49160)
-- Name: Proyect_Agile_tipous_id_seq; Type: SEQUENCE; Schema: public; Owner: usuario
--

ALTER TABLE public."Proyect_Agile_tipous" ALTER COLUMN id ADD GENERATED BY DEFAULT AS IDENTITY (
    SEQUENCE NAME public."Proyect_Agile_tipous_id_seq"
    START WITH 1
    INCREMENT BY 1
    NO MINVALUE
    NO MAXVALUE
    CACHE 1
);


--
-- TOC entry 232 (class 1259 OID 16551)
-- Name: Proyect_Agile_user_story; Type: TABLE; Schema: public; Owner: usuario
--

CREATE TABLE public."Proyect_Agile_user_story" (
    id bigint NOT NULL,
    nombre character varying(200) NOT NULL,
    descripcion text NOT NULL,
    comentarios text NOT NULL,
    historial text NOT NULL,
    estado character varying(30) NOT NULL,
    tipo_id bigint NOT NULL,
    idproyecto_id bigint,
    "BV" integer,
    "UP" integer,
    "miembroEncargado_id" bigint,
    prioridad double precision,
    estimacion double precision,
    "idSprint_id" bigint
);


ALTER TABLE public."Proyect_Agile_user_story" OWNER TO usuario;

--
-- TOC entry 231 (class 1259 OID 16550)
-- Name: Proyect_Agile_user_story_id_seq; Type: SEQUENCE; Schema: public; Owner: usuario
--

ALTER TABLE public."Proyect_Agile_user_story" ALTER COLUMN id ADD GENERATED BY DEFAULT AS IDENTITY (
    SEQUENCE NAME public."Proyect_Agile_user_story_id_seq"
    START WITH 1
    INCREMENT BY 1
    NO MINVALUE
    NO MAXVALUE
    CACHE 1
);


--
-- TOC entry 226 (class 1259 OID 16495)
-- Name: account_emailaddress; Type: TABLE; Schema: public; Owner: usuario
--

CREATE TABLE public.account_emailaddress (
    id integer NOT NULL,
    email character varying(254) NOT NULL,
    verified boolean NOT NULL,
    "primary" boolean NOT NULL,
    user_id integer NOT NULL
);


ALTER TABLE public.account_emailaddress OWNER TO usuario;

--
-- TOC entry 225 (class 1259 OID 16494)
-- Name: account_emailaddress_id_seq; Type: SEQUENCE; Schema: public; Owner: usuario
--

ALTER TABLE public.account_emailaddress ALTER COLUMN id ADD GENERATED BY DEFAULT AS IDENTITY (
    SEQUENCE NAME public.account_emailaddress_id_seq
    START WITH 1
    INCREMENT BY 1
    NO MINVALUE
    NO MAXVALUE
    CACHE 1
);


--
-- TOC entry 228 (class 1259 OID 16503)
-- Name: account_emailconfirmation; Type: TABLE; Schema: public; Owner: usuario
--

CREATE TABLE public.account_emailconfirmation (
    id integer NOT NULL,
    created timestamp with time zone NOT NULL,
    sent timestamp with time zone,
    key character varying(64) NOT NULL,
    email_address_id integer NOT NULL
);


ALTER TABLE public.account_emailconfirmation OWNER TO usuario;

--
-- TOC entry 227 (class 1259 OID 16502)
-- Name: account_emailconfirmation_id_seq; Type: SEQUENCE; Schema: public; Owner: usuario
--

ALTER TABLE public.account_emailconfirmation ALTER COLUMN id ADD GENERATED BY DEFAULT AS IDENTITY (
    SEQUENCE NAME public.account_emailconfirmation_id_seq
    START WITH 1
    INCREMENT BY 1
    NO MINVALUE
    NO MAXVALUE
    CACHE 1
);


--
-- TOC entry 216 (class 1259 OID 16409)
-- Name: auth_group; Type: TABLE; Schema: public; Owner: usuario
--

CREATE TABLE public.auth_group (
    id integer NOT NULL,
    name character varying(150) NOT NULL
);


ALTER TABLE public.auth_group OWNER TO usuario;

--
-- TOC entry 215 (class 1259 OID 16408)
-- Name: auth_group_id_seq; Type: SEQUENCE; Schema: public; Owner: usuario
--

ALTER TABLE public.auth_group ALTER COLUMN id ADD GENERATED BY DEFAULT AS IDENTITY (
    SEQUENCE NAME public.auth_group_id_seq
    START WITH 1
    INCREMENT BY 1
    NO MINVALUE
    NO MAXVALUE
    CACHE 1
);


--
-- TOC entry 218 (class 1259 OID 16417)
-- Name: auth_group_permissions; Type: TABLE; Schema: public; Owner: usuario
--

CREATE TABLE public.auth_group_permissions (
    id bigint NOT NULL,
    group_id integer NOT NULL,
    permission_id integer NOT NULL
);


ALTER TABLE public.auth_group_permissions OWNER TO usuario;

--
-- TOC entry 217 (class 1259 OID 16416)
-- Name: auth_group_permissions_id_seq; Type: SEQUENCE; Schema: public; Owner: usuario
--

ALTER TABLE public.auth_group_permissions ALTER COLUMN id ADD GENERATED BY DEFAULT AS IDENTITY (
    SEQUENCE NAME public.auth_group_permissions_id_seq
    START WITH 1
    INCREMENT BY 1
    NO MINVALUE
    NO MAXVALUE
    CACHE 1
);


--
-- TOC entry 214 (class 1259 OID 16403)
-- Name: auth_permission; Type: TABLE; Schema: public; Owner: usuario
--

CREATE TABLE public.auth_permission (
    id integer NOT NULL,
    name character varying(255) NOT NULL,
    content_type_id integer NOT NULL,
    codename character varying(100) NOT NULL
);


ALTER TABLE public.auth_permission OWNER TO usuario;

--
-- TOC entry 213 (class 1259 OID 16402)
-- Name: auth_permission_id_seq; Type: SEQUENCE; Schema: public; Owner: usuario
--

ALTER TABLE public.auth_permission ALTER COLUMN id ADD GENERATED BY DEFAULT AS IDENTITY (
    SEQUENCE NAME public.auth_permission_id_seq
    START WITH 1
    INCREMENT BY 1
    NO MINVALUE
    NO MAXVALUE
    CACHE 1
);


--
-- TOC entry 220 (class 1259 OID 16423)
-- Name: auth_user; Type: TABLE; Schema: public; Owner: usuario
--

CREATE TABLE public.auth_user (
    id integer NOT NULL,
    password character varying(128) NOT NULL,
    last_login timestamp with time zone,
    is_superuser boolean NOT NULL,
    username character varying(150) NOT NULL,
    first_name character varying(150) NOT NULL,
    last_name character varying(150) NOT NULL,
    email character varying(254) NOT NULL,
    is_staff boolean NOT NULL,
    is_active boolean NOT NULL,
    date_joined timestamp with time zone NOT NULL
);


ALTER TABLE public.auth_user OWNER TO usuario;

--
-- TOC entry 222 (class 1259 OID 16431)
-- Name: auth_user_groups; Type: TABLE; Schema: public; Owner: usuario
--

CREATE TABLE public.auth_user_groups (
    id bigint NOT NULL,
    user_id integer NOT NULL,
    group_id integer NOT NULL
);


ALTER TABLE public.auth_user_groups OWNER TO usuario;

--
-- TOC entry 221 (class 1259 OID 16430)
-- Name: auth_user_groups_id_seq; Type: SEQUENCE; Schema: public; Owner: usuario
--

ALTER TABLE public.auth_user_groups ALTER COLUMN id ADD GENERATED BY DEFAULT AS IDENTITY (
    SEQUENCE NAME public.auth_user_groups_id_seq
    START WITH 1
    INCREMENT BY 1
    NO MINVALUE
    NO MAXVALUE
    CACHE 1
);


--
-- TOC entry 219 (class 1259 OID 16422)
-- Name: auth_user_id_seq; Type: SEQUENCE; Schema: public; Owner: usuario
--

ALTER TABLE public.auth_user ALTER COLUMN id ADD GENERATED BY DEFAULT AS IDENTITY (
    SEQUENCE NAME public.auth_user_id_seq
    START WITH 1
    INCREMENT BY 1
    NO MINVALUE
    NO MAXVALUE
    CACHE 1
);


--
-- TOC entry 224 (class 1259 OID 16437)
-- Name: auth_user_user_permissions; Type: TABLE; Schema: public; Owner: usuario
--

CREATE TABLE public.auth_user_user_permissions (
    id bigint NOT NULL,
    user_id integer NOT NULL,
    permission_id integer NOT NULL
);


ALTER TABLE public.auth_user_user_permissions OWNER TO usuario;

--
-- TOC entry 223 (class 1259 OID 16436)
-- Name: auth_user_user_permissions_id_seq; Type: SEQUENCE; Schema: public; Owner: usuario
--

ALTER TABLE public.auth_user_user_permissions ALTER COLUMN id ADD GENERATED BY DEFAULT AS IDENTITY (
    SEQUENCE NAME public.auth_user_user_permissions_id_seq
    START WITH 1
    INCREMENT BY 1
    NO MINVALUE
    NO MAXVALUE
    CACHE 1
);


--
-- TOC entry 240 (class 1259 OID 16685)
-- Name: django_admin_log; Type: TABLE; Schema: public; Owner: usuario
--

CREATE TABLE public.django_admin_log (
    id integer NOT NULL,
    action_time timestamp with time zone NOT NULL,
    object_id text,
    object_repr character varying(200) NOT NULL,
    action_flag smallint NOT NULL,
    change_message text NOT NULL,
    content_type_id integer,
    user_id integer NOT NULL,
    CONSTRAINT django_admin_log_action_flag_check CHECK ((action_flag >= 0))
);


ALTER TABLE public.django_admin_log OWNER TO usuario;

--
-- TOC entry 239 (class 1259 OID 16684)
-- Name: django_admin_log_id_seq; Type: SEQUENCE; Schema: public; Owner: usuario
--

ALTER TABLE public.django_admin_log ALTER COLUMN id ADD GENERATED BY DEFAULT AS IDENTITY (
    SEQUENCE NAME public.django_admin_log_id_seq
    START WITH 1
    INCREMENT BY 1
    NO MINVALUE
    NO MAXVALUE
    CACHE 1
);


--
-- TOC entry 212 (class 1259 OID 16395)
-- Name: django_content_type; Type: TABLE; Schema: public; Owner: usuario
--

CREATE TABLE public.django_content_type (
    id integer NOT NULL,
    app_label character varying(100) NOT NULL,
    model character varying(100) NOT NULL
);


ALTER TABLE public.django_content_type OWNER TO usuario;

--
-- TOC entry 211 (class 1259 OID 16394)
-- Name: django_content_type_id_seq; Type: SEQUENCE; Schema: public; Owner: usuario
--

ALTER TABLE public.django_content_type ALTER COLUMN id ADD GENERATED BY DEFAULT AS IDENTITY (
    SEQUENCE NAME public.django_content_type_id_seq
    START WITH 1
    INCREMENT BY 1
    NO MINVALUE
    NO MAXVALUE
    CACHE 1
);


--
-- TOC entry 210 (class 1259 OID 16387)
-- Name: django_migrations; Type: TABLE; Schema: public; Owner: usuario
--

CREATE TABLE public.django_migrations (
    id bigint NOT NULL,
    app character varying(255) NOT NULL,
    name character varying(255) NOT NULL,
    applied timestamp with time zone NOT NULL
);


ALTER TABLE public.django_migrations OWNER TO usuario;

--
-- TOC entry 209 (class 1259 OID 16386)
-- Name: django_migrations_id_seq; Type: SEQUENCE; Schema: public; Owner: usuario
--

ALTER TABLE public.django_migrations ALTER COLUMN id ADD GENERATED BY DEFAULT AS IDENTITY (
    SEQUENCE NAME public.django_migrations_id_seq
    START WITH 1
    INCREMENT BY 1
    NO MINVALUE
    NO MAXVALUE
    CACHE 1
);


--
-- TOC entry 241 (class 1259 OID 16713)
-- Name: django_session; Type: TABLE; Schema: public; Owner: usuario
--

CREATE TABLE public.django_session (
    session_key character varying(40) NOT NULL,
    session_data text NOT NULL,
    expire_date timestamp with time zone NOT NULL
);


ALTER TABLE public.django_session OWNER TO usuario;

--
-- TOC entry 243 (class 1259 OID 16723)
-- Name: django_site; Type: TABLE; Schema: public; Owner: usuario
--

CREATE TABLE public.django_site (
    id integer NOT NULL,
    domain character varying(100) NOT NULL,
    name character varying(50) NOT NULL
);


ALTER TABLE public.django_site OWNER TO usuario;

--
-- TOC entry 242 (class 1259 OID 16722)
-- Name: django_site_id_seq; Type: SEQUENCE; Schema: public; Owner: usuario
--

ALTER TABLE public.django_site ALTER COLUMN id ADD GENERATED BY DEFAULT AS IDENTITY (
    SEQUENCE NAME public.django_site_id_seq
    START WITH 1
    INCREMENT BY 1
    NO MINVALUE
    NO MAXVALUE
    CACHE 1
);


--
-- TOC entry 245 (class 1259 OID 16732)
-- Name: socialaccount_socialaccount; Type: TABLE; Schema: public; Owner: usuario
--

CREATE TABLE public.socialaccount_socialaccount (
    id integer NOT NULL,
    provider character varying(30) NOT NULL,
    uid character varying(191) NOT NULL,
    last_login timestamp with time zone NOT NULL,
    date_joined timestamp with time zone NOT NULL,
    extra_data text NOT NULL,
    user_id integer NOT NULL
);


ALTER TABLE public.socialaccount_socialaccount OWNER TO usuario;

--
-- TOC entry 244 (class 1259 OID 16731)
-- Name: socialaccount_socialaccount_id_seq; Type: SEQUENCE; Schema: public; Owner: usuario
--

ALTER TABLE public.socialaccount_socialaccount ALTER COLUMN id ADD GENERATED BY DEFAULT AS IDENTITY (
    SEQUENCE NAME public.socialaccount_socialaccount_id_seq
    START WITH 1
    INCREMENT BY 1
    NO MINVALUE
    NO MAXVALUE
    CACHE 1
);


--
-- TOC entry 247 (class 1259 OID 16740)
-- Name: socialaccount_socialapp; Type: TABLE; Schema: public; Owner: usuario
--

CREATE TABLE public.socialaccount_socialapp (
    id integer NOT NULL,
    provider character varying(30) NOT NULL,
    name character varying(40) NOT NULL,
    client_id character varying(191) NOT NULL,
    secret character varying(191) NOT NULL,
    key character varying(191) NOT NULL
);


ALTER TABLE public.socialaccount_socialapp OWNER TO usuario;

--
-- TOC entry 246 (class 1259 OID 16739)
-- Name: socialaccount_socialapp_id_seq; Type: SEQUENCE; Schema: public; Owner: usuario
--

ALTER TABLE public.socialaccount_socialapp ALTER COLUMN id ADD GENERATED BY DEFAULT AS IDENTITY (
    SEQUENCE NAME public.socialaccount_socialapp_id_seq
    START WITH 1
    INCREMENT BY 1
    NO MINVALUE
    NO MAXVALUE
    CACHE 1
);


--
-- TOC entry 249 (class 1259 OID 16746)
-- Name: socialaccount_socialapp_sites; Type: TABLE; Schema: public; Owner: usuario
--

CREATE TABLE public.socialaccount_socialapp_sites (
    id bigint NOT NULL,
    socialapp_id integer NOT NULL,
    site_id integer NOT NULL
);


ALTER TABLE public.socialaccount_socialapp_sites OWNER TO usuario;

--
-- TOC entry 248 (class 1259 OID 16745)
-- Name: socialaccount_socialapp_sites_id_seq; Type: SEQUENCE; Schema: public; Owner: usuario
--

ALTER TABLE public.socialaccount_socialapp_sites ALTER COLUMN id ADD GENERATED BY DEFAULT AS IDENTITY (
    SEQUENCE NAME public.socialaccount_socialapp_sites_id_seq
    START WITH 1
    INCREMENT BY 1
    NO MINVALUE
    NO MAXVALUE
    CACHE 1
);


--
-- TOC entry 251 (class 1259 OID 16752)
-- Name: socialaccount_socialtoken; Type: TABLE; Schema: public; Owner: usuario
--

CREATE TABLE public.socialaccount_socialtoken (
    id integer NOT NULL,
    token text NOT NULL,
    token_secret text NOT NULL,
    expires_at timestamp with time zone,
    account_id integer NOT NULL,
    app_id integer NOT NULL
);


ALTER TABLE public.socialaccount_socialtoken OWNER TO usuario;

--
-- TOC entry 250 (class 1259 OID 16751)
-- Name: socialaccount_socialtoken_id_seq; Type: SEQUENCE; Schema: public; Owner: usuario
--

ALTER TABLE public.socialaccount_socialtoken ALTER COLUMN id ADD GENERATED BY DEFAULT AS IDENTITY (
    SEQUENCE NAME public.socialaccount_socialtoken_id_seq
    START WITH 1
    INCREMENT BY 1
    NO MINVALUE
    NO MAXVALUE
    CACHE 1
);


--
-- TOC entry 3637 (class 0 OID 16567)
-- Dependencies: 236
-- Data for Name: Proyect_Agile_miembro; Type: TABLE DATA; Schema: public; Owner: usuario
--

COPY public."Proyect_Agile_miembro" (id, cargahoraria, idproyecto_id, idrol_id, "isActivo", usuario_id, "horasDisponibles") FROM stdin;
1	0	1	1	t	8	0
5	5	1	2	t	9	0
6	0	2	3	t	3	0
7	0	3	4	t	12	0
8	123	2	2	t	8	0
9	0	4	6	t	8	0
11	2	4	7	t	3	0
12	2	4	7	t	12	0
13	3	4	7	t	5	0
14	0	5	8	t	8	0
15	2	5	9	t	5	0
16	0	6	10	t	8	0
17	0	7	11	t	3	0
18	0	8	12	t	8	0
19	1	8	13	t	3	0
20	200	8	13	t	5	0
21	10000	8	13	t	9	0
22	0	9	14	t	8	0
24	5	9	15	t	3	0
25	20	9	15	t	9	1
26	200	9	15	t	5	184
27	0	10	16	t	8	0
29	111	10	17	t	9	108
28	110	10	17	t	5	101
\.


--
-- TOC entry 3631 (class 0 OID 16528)
-- Dependencies: 230
-- Data for Name: Proyect_Agile_proyecto; Type: TABLE DATA; Schema: public; Owner: usuario
--

COPY public."Proyect_Agile_proyecto" (id, nombre, descripcion, estado, fechafin, fechainicio, "scrumMaster_id") FROM stdin;
1	test1	sfbsab	E	2023-10-17	2022-09-17	8
3	test3	kzfbqakljfq	P	2022-09-30	2022-09-26	12
2	test2	tikokk	E	2022-09-30	2022-09-26	3
4	ProyectoPrueba1	[Insertar descripción]	E	2022-10-07	2022-09-30	8
5	iteracion4	prueba para la iteracion 4	E	2022-10-31	2022-10-17	8
6	slfjbnlAFJ	ADGgSA	P	2022-11-30	2022-11-01	8
7	POV:nosjodimos	nos jodimos	E	2022-11-30	2022-11-03	3
8	TESTCASIDEFINITIVO	QAFAFADFG	E	2022-12-09	2022-11-04	8
9	test500	olcjnqacf	E	2022-11-23	2022-11-18	8
10	test501	adfgvqa	E	2022-11-25	2022-11-24	8
\.


--
-- TOC entry 3639 (class 0 OID 16665)
-- Dependencies: 238
-- Data for Name: Proyect_Agile_proyecto_miembros; Type: TABLE DATA; Schema: public; Owner: usuario
--

COPY public."Proyect_Agile_proyecto_miembros" (id, proyecto_id, miembro_id) FROM stdin;
\.


--
-- TOC entry 3635 (class 0 OID 16559)
-- Dependencies: 234
-- Data for Name: Proyect_Agile_rol; Type: TABLE DATA; Schema: public; Owner: usuario
--

COPY public."Proyect_Agile_rol" (id, nombre, descripcion, "agregarUserStory", "eliminarUserStory", "modificarUserStory", "agregarMiembro", "modificarMiembro", "eliminarMiembro", "crearRol", "modificarRol", "eliminarRol", "crearSprint", "empezarSprint", "finalizarSprint", "agregarSprintBacklog", "modificarSprintBacklog", "idProyecto_id") FROM stdin;
1	Scrum Master	Es la figura que lidera a los equipos en la gestión ágil de proyectos.	t	t	t	t	t	t	t	t	t	t	t	t	t	t	1
3	Scrum Master	Es la figura que lidera a los equipos en la gestión ágil de proyectos.	t	t	t	t	t	t	t	t	t	t	t	t	t	t	2
4	Scrum Master	Es la figura que lidera a los equipos en la gestión ágil de proyectos.	t	t	t	t	t	t	t	t	t	t	t	t	t	t	3
2	ANDALUZ tiktoh	pERO KE AGO YO AKI xddd	f	f	f	t	t	t	f	f	f	f	f	f	f	f	1
5	admin		f	f	f	f	f	f	f	f	f	f	f	f	f	f	\N
6	Scrum Master	Es la figura que lidera a los equipos en la gestión ágil de proyectos.	t	t	t	t	t	t	t	t	t	t	t	t	t	t	4
7	Developer	descripcion	f	f	f	f	f	f	f	f	f	f	f	f	f	f	4
8	Scrum Master	Es la figura que lidera a los equipos en la gestión ágil de proyectos.	t	t	t	t	t	t	t	t	t	t	t	t	t	t	5
9	Developer	Desarrollador	t	t	t	f	f	f	f	f	f	f	f	f	f	f	5
10	Scrum Master	Es la figura que lidera a los equipos en la gestión ágil de proyectos.	t	t	t	t	t	t	t	t	t	t	t	t	t	t	6
11	Scrum Master	Es la figura que lidera a los equipos en la gestión ágil de proyectos.	t	t	t	t	t	t	t	t	t	t	t	t	t	t	7
12	Scrum Master	Es la figura que lidera a los equipos en la gestión ágil de proyectos.	t	t	t	t	t	t	t	t	t	t	t	t	t	t	8
13	DEVELOPER	ADGAGVQAGV	f	f	f	f	f	f	f	f	f	f	f	f	f	f	8
14	Scrum Master	Es la figura que lidera a los equipos en la gestión ágil de proyectos.	t	t	t	t	t	t	t	t	t	t	t	t	t	t	9
15	ELROLMASIMPORTANTEEE	ES DE SUMA IMPORTANCIA	f	f	f	f	f	f	f	f	f	f	f	f	f	f	9
16	Scrum Master	Es la figura que lidera a los equipos en la gestión ágil de proyectos.	t	t	t	t	t	t	t	t	t	t	t	t	t	t	10
17	rol1	fVAd	f	f	f	f	f	f	f	f	f	f	f	f	f	f	10
\.


--
-- TOC entry 3656 (class 0 OID 65537)
-- Dependencies: 255
-- Data for Name: Proyect_Agile_sprint; Type: TABLE DATA; Schema: public; Owner: usuario
--

COPY public."Proyect_Agile_sprint" (id, nombre, fechainicio, fechafin, estado, idproyecto_id, numero) FROM stdin;
1	SprintPrueba1	2022-10-15	2022-10-28	P	4	1
2	sprint11	2022-10-16	2022-10-28	F	1	1
4	sprint123	2022-10-17	2022-11-04	F	1	2
5	elsprint	2022-10-17	2022-11-02	F	1	3
6	ELSPRINT	2022-10-17	2022-11-04	F	1	4
7	Sprint5	2022-10-17	2022-10-29	F	1	5
8	sprintprueba	2022-10-17	2022-10-31	F	5	1
9	sprint p2	2022-11-01	2022-11-04	F	5	2
10	sp3	2022-11-11	2022-11-14	P	5	3
11	SINDRAMABRO	2022-11-04	2022-11-30	F	1	6
12	pruebita	2022-12-01	2022-12-10	E	1	7
13	SPRINT1	2022-11-04	2022-11-17	F	8	1
14	Sprint2	2022-11-18	2022-11-23	F	8	2
15	SPRINT3	2022-11-25	2022-11-26	F	8	3
16	SPRINT4	2022-11-27	2022-11-28	F	8	4
17	sprintprueba2	2022-12-08	2022-12-09	E	8	5
18	SPRINT1	2022-11-18	2022-11-20	F	9	1
19	SPRINT2	2022-11-23	2022-11-25	F	9	2
20	SPRINT3	2022-11-26	2022-11-27	E	9	3
21	1erSprint	2022-11-24	2022-11-25	E	10	1
\.


--
-- TOC entry 3658 (class 0 OID 106497)
-- Dependencies: 257
-- Data for Name: Proyect_Agile_tarea; Type: TABLE DATA; Schema: public; Owner: usuario
--

COPY public."Proyect_Agile_tarea" (id, nombre, "idUs_id", duracion) FROM stdin;
1	actividad1	1	0
\.


--
-- TOC entry 3654 (class 0 OID 49161)
-- Dependencies: 253
-- Data for Name: Proyect_Agile_tipous; Type: TABLE DATA; Schema: public; Owner: usuario
--

COPY public."Proyect_Agile_tipous" (id, nombre, estado, idproyecto_id) FROM stdin;
1	LAL1	Por hacer, En Proceso, Hecho, Cancelado	1
2	US1	Pendiente	1
3	us2	Pendiente	1
4	LAL1	Por hacer, En Proceso, Hecho, Cancelado	4
5	US1	Pendiente	4
6	us2	Pendiente	4
7	tipo1	Por hacer, En Proceso, Hecho, Cancelado	4
8	A	Por hacer, En Proceso, Hecho, Cancelado	5
9	B	Por hacer, En Proceso, Hecho, Cancelado	5
10	tipoA	Por hacer, En Proceso, Hecho, Cancelado	2
11	TipoA	Por hacer, En Proceso, Hecho, Cancelado	7
12	tipo1	Por hacer, En Proceso, Hecho, Cancelado	8
13	tipo2	Por hacer, En Proceso, Hecho, Cancelado	8
14	tipo3	Por hacer, En Proceso, Hecho, Cancelado	8
15	tipoA	Por hacer, En Proceso, Hecho, Cancelado	9
16	tipoB	Por hacer, En Proceso, Hecho, Cancelado	9
17	TipoC	Por hacer, En Proceso, Hecho	9
18	TipoA	Por hacer, En Proceso, Hecho, Finalizado	10
19	TipoB	Por hacer, En Proceso, Hecho, Finalizado	10
20	TipoC	Por hacer, En Proceso, Hecho, Finalizado	10
\.


--
-- TOC entry 3633 (class 0 OID 16551)
-- Dependencies: 232
-- Data for Name: Proyect_Agile_user_story; Type: TABLE DATA; Schema: public; Owner: usuario
--

COPY public."Proyect_Agile_user_story" (id, nombre, descripcion, comentarios, historial, estado, tipo_id, idproyecto_id, "BV", "UP", "miembroEncargado_id", prioridad, estimacion, "idSprint_id") FROM stdin;
2	userStory1	kjbvacjl	adgsag<		Pendiente	7	4	\N	\N	\N	\N	\N	\N
3	us222345	fAF	agFqag		Pendiente	4	4	\N	\N	\N	\N	\N	\N
4	GAsgsa	<sghzd<hb	<sfbh<dzhn		Pendiente	5	4	\N	\N	\N	\N	\N	\N
5	shh	dznzdn	zdgnzdn		Pendiente	6	4	\N	\N	\N	\N	\N	\N
6	sofisticado1	muy sofisticado	bastante sofisticado.		Pendiente	1	1	\N	\N	\N	\N	\N	\N
7	USPRUEBA	S<GagS>GSG	ADGQWHBQWHWQ		Pendiente	8	5	\N	\N	\N	\N	\N	\N
8	us2	afqafaf	agqafgqa		Pendiente	8	5	\N	\N	\N	\N	\N	\N
9	us3	gagqa|	sfbhsaghahg		Pendiente	9	5	\N	\N	\N	\N	\N	\N
11	US13	GA<BHGSBH	S<GagAG		Pendiente	1	1	\N	\N	\N	\N	\N	\N
12	US14	X<BHS<GB<	SFBSGSRG		Pendiente	2	1	\N	\N	\N	\N	\N	\N
16	us3	agagagv	dfgvagvagv		H	14	8	1	1	20	0	5	13
1	US3	fqagq	qagwg		N	1	1	\N	\N	1	\N	4	12
13	US15	DFBHSGBV	G<SGBWSBH		EP	1	1	6	3	1	2.4	3	12
10	us12	agvQAGVBA	SbWb		EP	1	1	\N	\N	1	\N	4	12
19	US6	AGVWARGVBQA	SBGABSFB		P	12	8	5	5	19	2.5	4	17
17	US4	ADFGVAGV	DGVBADVB		EP	13	8	7	3	18	5.7	2	17
18	US5	XFGBSGB	SFBSABSF		N	14	8	1	4	\N	1.1	\N	\N
21	usIMPORTANTISIMOO	IMPOORTANTISIMO QUE NO VES?	AGFAgAGSAGH		N	15	9	5	3	\N	2.1	3	\N
24	elpurete(us)	re purete	puretazo		P	17	9	3	2	26	1.2999999999999998	1	20
15	us2	afgvqagvabv	dbvqabbab		H	12	8	6	2	19	0	4	15
14	us1	a<sgvaga	agAGbgb		H	12	8	3	4	19	0	3	13
20	usIMPORTANTE	DEMASIADO IMPORTANTE	SUPER IMPORTANTE		PP	15	9	3	4	26	4.7	2	20
22	AAGGHHIMPORTANTEEE	HDHSHDZJHZDJHNDJHN	ZDHDZHDGHDZ		STSA	15	9	1	3	26	3.9000000000000004	2	18
23	USPURETE	ES PURETE	RE PURETE		PP	16	9	2	3	26	4.2	2	20
26	us2	advfgadv	GVsfdsa		N	18	10	4	3	\N	1.8	\N	\N
25	us1	gfafgvqaf	sgvbwsgsags		Por hacer	18	10	3	2	28	1.2999999999999998	4	21
27	us3	agvaf	afvadv		Por hacer	19	10	2	1	29	0.8	3	21
28	us4	safgwgw	SVSV		Por hacer	20	10	3	2	28	1.2999999999999998	5	21
\.


--
-- TOC entry 3627 (class 0 OID 16495)
-- Dependencies: 226
-- Data for Name: account_emailaddress; Type: TABLE DATA; Schema: public; Owner: usuario
--

COPY public.account_emailaddress (id, email, verified, "primary", user_id) FROM stdin;
1	xelidanxiii@fpuna.edu.py	t	t	3
2	dduartecenturion@gmail.com	t	t	4
3	jessikmaga@fpuna.edu.py	t	t	5
4	rsvf99@fpuna.edu.py	t	t	8
5	alexword1893@gmail.com	t	t	9
6	alexword1893@fpuna.edu.py	t	t	10
7	estaesunacuentanueva311@gmail.com	t	t	11
8	dahianaduarte985@gmail.com	t	t	12
9	davidjmc99@gmail.com	t	t	13
\.


--
-- TOC entry 3629 (class 0 OID 16503)
-- Dependencies: 228
-- Data for Name: account_emailconfirmation; Type: TABLE DATA; Schema: public; Owner: usuario
--

COPY public.account_emailconfirmation (id, created, sent, key, email_address_id) FROM stdin;
\.


--
-- TOC entry 3617 (class 0 OID 16409)
-- Dependencies: 216
-- Data for Name: auth_group; Type: TABLE DATA; Schema: public; Owner: usuario
--

COPY public.auth_group (id, name) FROM stdin;
1	ScrumMaster
2	ProductManager
3	Administrador
\.


--
-- TOC entry 3619 (class 0 OID 16417)
-- Dependencies: 218
-- Data for Name: auth_group_permissions; Type: TABLE DATA; Schema: public; Owner: usuario
--

COPY public.auth_group_permissions (id, group_id, permission_id) FROM stdin;
1	1	52
\.


--
-- TOC entry 3615 (class 0 OID 16403)
-- Dependencies: 214
-- Data for Name: auth_permission; Type: TABLE DATA; Schema: public; Owner: usuario
--

COPY public.auth_permission (id, name, content_type_id, codename) FROM stdin;
1	Can add log entry	1	add_logentry
2	Can change log entry	1	change_logentry
3	Can delete log entry	1	delete_logentry
4	Can view log entry	1	view_logentry
5	Can add permission	2	add_permission
6	Can change permission	2	change_permission
7	Can delete permission	2	delete_permission
8	Can view permission	2	view_permission
9	Can add group	3	add_group
10	Can change group	3	change_group
11	Can delete group	3	delete_group
12	Can view group	3	view_group
13	Can add user	4	add_user
14	Can change user	4	change_user
15	Can delete user	4	delete_user
16	Can view user	4	view_user
17	Can add content type	5	add_contenttype
18	Can change content type	5	change_contenttype
19	Can delete content type	5	delete_contenttype
20	Can view content type	5	view_contenttype
21	Can add session	6	add_session
22	Can change session	6	change_session
23	Can delete session	6	delete_session
24	Can view session	6	view_session
25	Can add site	7	add_site
26	Can change site	7	change_site
27	Can delete site	7	delete_site
28	Can view site	7	view_site
29	Can add email address	8	add_emailaddress
30	Can change email address	8	change_emailaddress
31	Can delete email address	8	delete_emailaddress
32	Can view email address	8	view_emailaddress
33	Can add email confirmation	9	add_emailconfirmation
34	Can change email confirmation	9	change_emailconfirmation
35	Can delete email confirmation	9	delete_emailconfirmation
36	Can view email confirmation	9	view_emailconfirmation
37	Can add social account	10	add_socialaccount
38	Can change social account	10	change_socialaccount
39	Can delete social account	10	delete_socialaccount
40	Can view social account	10	view_socialaccount
41	Can add social application	11	add_socialapp
42	Can change social application	11	change_socialapp
43	Can delete social application	11	delete_socialapp
44	Can view social application	11	view_socialapp
45	Can add social application token	12	add_socialtoken
46	Can change social application token	12	change_socialtoken
47	Can delete social application token	12	delete_socialtoken
48	Can view social application token	12	view_socialtoken
49	Can add proyecto	13	add_proyecto
50	Can change proyecto	13	change_proyecto
51	Can delete proyecto	13	delete_proyecto
52	Can view proyecto	13	view_proyecto
53	Can add tipo us	14	add_tipous
54	Can change tipo us	14	change_tipous
55	Can delete tipo us	14	delete_tipous
56	Can view tipo us	14	view_tipous
57	Can add usuario	15	add_usuario
58	Can change usuario	15	change_usuario
59	Can delete usuario	15	delete_usuario
60	Can view usuario	15	view_usuario
61	Can add user_ story	16	add_user_story
62	Can change user_ story	16	change_user_story
63	Can delete user_ story	16	delete_user_story
64	Can view user_ story	16	view_user_story
65	Can add rol	17	add_rol
66	Can change rol	17	change_rol
67	Can delete rol	17	delete_rol
68	Can view rol	17	view_rol
69	Can add miembro	18	add_miembro
70	Can change miembro	18	change_miembro
71	Can delete miembro	18	delete_miembro
72	Can view miembro	18	view_miembro
73	Can add tipo user story	19	add_tipouserstory
74	Can change tipo user story	19	change_tipouserstory
75	Can delete tipo user story	19	delete_tipouserstory
76	Can view tipo user story	19	view_tipouserstory
77	Can add sprint	20	add_sprint
78	Can change sprint	20	change_sprint
79	Can delete sprint	20	delete_sprint
80	Can view sprint	20	view_sprint
81	Can add planning poker	21	add_planningpoker
82	Can change planning poker	21	change_planningpoker
83	Can delete planning poker	21	delete_planningpoker
84	Can view planning poker	21	view_planningpoker
85	Can add tarea	22	add_tarea
86	Can change tarea	22	change_tarea
87	Can delete tarea	22	delete_tarea
88	Can view tarea	22	view_tarea
\.


--
-- TOC entry 3621 (class 0 OID 16423)
-- Dependencies: 220
-- Data for Name: auth_user; Type: TABLE DATA; Schema: public; Owner: usuario
--

COPY public.auth_user (id, password, last_login, is_superuser, username, first_name, last_name, email, is_staff, is_active, date_joined) FROM stdin;
2	pbkdf2_sha256$320000$1Ua0HobjkLwP4Y0rOHYGga$btDLLkyHZeOKnORBNuK2uLZU2C4RKjkrmCQBLEVARwc=	2022-08-16 22:13:25.871-04	t	Diego			xelidanxiii@gmail.com	t	t	2022-08-16 22:04:29.183-04
5	!tgqScaHNibSYrzWveNQ23IlYujBGIO2uSCFYk96I	2022-08-27 14:22:32.998-04	f	jessica_magali	Jessica Magali	Benitez Nuñez	jessikmaga@fpuna.edu.py	f	t	2022-08-18 16:40:53.191-04
6	!vbPxARKhewoUmk6VT4pD360ENmxD2psSJpKI7MGL	2022-08-18 16:51:13.877-04	f	jessybenitez				f	t	2022-08-18 16:51:13.395-04
7	!R8bA3R3QveaQuXyDF42iiZm4HehCwOWUl7iuFQRH	2022-08-22 15:42:21.503-04	f	DiegoDDuarteC				f	t	2022-08-18 17:32:43.889-04
9	!U8QXJeosmvHOaurak9Ta6qNODWKxRIOG6SDK5hnt	2022-09-07 13:24:36.457-04	f	alejandro	Alejandro	Marin	alexword1893@gmail.com	f	t	2022-08-25 23:21:41.235-04
10	!IuQkQIrDS2oNtVK6kpDaGi52IQuR5a5SQqtg6r6Y	2022-08-30 19:59:21.338-04	f	alejandro_fabian	Alejandro Fabian	Marin Insfran	alexword1893@fpuna.edu.py	f	t	2022-08-29 15:20:47.623-04
11	!HppbPPX6T4bfuKgRxPVTh3Dsx2dv9IOIscsBIoV4	2022-08-30 15:32:11.703-04	f	nueva	Nueva	Cuenta	estaesunacuentanueva311@gmail.com	f	t	2022-08-30 15:32:07.544-04
13	!qlZwxOkblOReEYy0pqEIr3n4o2b0N44Qyik4PyKh	2022-08-30 20:45:41.048-04	f	alejandro3	Alejandro	Marin	davidjmc99@gmail.com	f	t	2022-08-30 20:45:37.255-04
14	!EGNmpuz3bRxYT1tQ6NklAsXEJNcrLiX0qSfh5Ykg	2022-09-02 18:22:14.987-04	f	user				f	t	2022-09-02 18:22:12.199-04
1	pbkdf2_sha256$390000$JamQKPI17ASQL1975BdyQk$U/t1W06y8DV3I1om79c9MNQoim6WPHLhahv4DtexM6Q=	2022-11-18 22:12:13.469525-03	t	rsvf			rsvf99@gmail.com	t	t	2022-08-16 16:12:36.489-04
3	!QAOi1hCFBiV9tewIW0msvYCCty80JiHZ7TPbwecy	2022-11-24 16:44:26.396906-03	f	diego_daniel	Diego Daniel	Duarte Centurión	xelidanxiii@fpuna.edu.py	f	t	2022-08-16 23:09:11-04
8	!DqD7vVFKy5KCvXSIrqbhKB8R6DtzLyu4b8B0UNHr	2022-11-24 16:44:39.530926-03	f	RodolfoSebastian	Rodolfo Sebastian	Vergara Ferreira	rsvf99@fpuna.edu.py	f	t	2022-08-19 22:04:48.929-04
12	!MUMOJMzSKIE8KW5S0eNBS6BGkQh6ZX9uFWrGNA4L	2022-09-30 14:33:14.187926-04	f	milagros_dahiana	Milagros Dahiana	Duarte Centurión	dahianaduarte985@gmail.com	f	t	2022-08-30 19:50:22.483-04
4	!pKTjGKo9EmdHDEmaAaBy2NEsP1CReDfPQEhlJUKF	2022-09-16 20:36:50.623761-04	f	diego_daniel6	Diego Daniel	Duarte Centurión	dduartecenturion@gmail.com	f	t	2022-08-16 23:11:17-04
\.


--
-- TOC entry 3623 (class 0 OID 16431)
-- Dependencies: 222
-- Data for Name: auth_user_groups; Type: TABLE DATA; Schema: public; Owner: usuario
--

COPY public.auth_user_groups (id, user_id, group_id) FROM stdin;
1	3	3
2	4	3
\.


--
-- TOC entry 3625 (class 0 OID 16437)
-- Dependencies: 224
-- Data for Name: auth_user_user_permissions; Type: TABLE DATA; Schema: public; Owner: usuario
--

COPY public.auth_user_user_permissions (id, user_id, permission_id) FROM stdin;
\.


--
-- TOC entry 3641 (class 0 OID 16685)
-- Dependencies: 240
-- Data for Name: django_admin_log; Type: TABLE DATA; Schema: public; Owner: usuario
--

COPY public.django_admin_log (id, action_time, object_id, object_repr, action_flag, change_message, content_type_id, user_id) FROM stdin;
1	2022-08-16 22:18:23.555-04	1	localhost:8000	2	[{"changed": {"fields": ["Domain name", "Display name"]}}]	7	2
2	2022-08-16 22:18:31.926-04	1	localhost:8000	2	[]	7	2
3	2022-08-16 22:46:25.407-04	1	GoogleSSO	1	[{"added": {}}]	11	2
4	2022-08-18 16:36:16.962-04	2	DjangoSSO	1	[{"added": {}}]	11	1
5	2022-08-18 16:50:04.733-04	2	DjangoSSO	2	[{"changed": {"fields": ["Sites"]}}]	11	1
6	2022-08-21 23:40:45.241-04	2	10.0.2.15	1	[{"added": {}}]	7	1
7	2022-08-22 03:05:33.561-04	3	localhost	1	[{"added": {}}]	7	1
8	2022-08-22 11:59:54.04-04	1	GoogleSSO	2	[{"changed": {"fields": ["Secret key"]}}]	11	1
9	2022-09-06 12:10:20.821-04	1	Miembro object (1)	1	[{"added": {}}]	18	1
10	2022-09-06 12:11:14.586-04	2	Miembro object (2)	1	[{"added": {}}]	18	1
11	2022-09-06 12:25:22.448-04	1	ScrumMaster	1	[{"added": {}}]	3	1
12	2022-09-06 12:27:23.906-04	2	ProductManager	1	[{"added": {}}]	3	1
13	2022-09-06 12:35:40.564-04	1	Mi primer proyecto	1	[{"added": {}}]	13	1
14	2022-09-07 15:42:43.963-04	1	Mi primer proyecto	2	[{"changed": {"fields": ["Estado"]}}]	13	1
15	2022-09-07 21:25:51.625-04	2	PRUEBA1	2	[{"changed": {"fields": ["Miembros", "Estado"]}}]	13	1
16	2022-09-07 21:26:13.85-04	1	Mi primer proyecto	2	[{"changed": {"fields": ["Estado"]}}]	13	1
17	2022-09-08 16:27:12.191198-04	3	PRUEBA2	3		13	1
18	2022-09-08 16:49:17.521107-04	3	Administrador	1	[{"added": {}}]	3	1
19	2022-09-08 16:50:43.955039-04	3	diego_daniel	2	[{"changed": {"fields": ["Last name", "Groups"]}}]	4	1
20	2022-09-08 21:32:58.996814-04	5	PRUEBA3	2	[{"changed": {"fields": ["Miembros", "Estado"]}}]	13	1
21	2022-09-09 12:17:42.703257-04	5	Equipo Desarrollador	1	[{"added": {}}]	17	1
22	2022-09-09 13:02:05.992332-04	7	Equipo Desarrollador	1	[{"added": {}}]	17	1
23	2022-09-16 20:35:27.43226-04	4	diego_daniel6	2	[{"changed": {"fields": ["Groups"]}}]	4	1
24	2022-09-30 13:57:20.451983-04	5	admin	1	[{"added": {}}]	17	1
25	2022-10-16 23:07:50.40699-03	3	Sprint122	3		20	1
26	2022-11-18 22:20:32.400378-03	23	Diego Daniel	3		18	1
\.


--
-- TOC entry 3613 (class 0 OID 16395)
-- Dependencies: 212
-- Data for Name: django_content_type; Type: TABLE DATA; Schema: public; Owner: usuario
--

COPY public.django_content_type (id, app_label, model) FROM stdin;
1	admin	logentry
2	auth	permission
3	auth	group
4	auth	user
5	contenttypes	contenttype
6	sessions	session
7	sites	site
8	account	emailaddress
9	account	emailconfirmation
10	socialaccount	socialaccount
11	socialaccount	socialapp
12	socialaccount	socialtoken
13	Proyect_Agile	proyecto
14	Proyect_Agile	tipous
15	Proyect_Agile	usuario
16	Proyect_Agile	user_story
17	Proyect_Agile	rol
18	Proyect_Agile	miembro
19	Proyect_Agile	tipouserstory
20	Proyect_Agile	sprint
21	Proyect_Agile	planningpoker
22	Proyect_Agile	tarea
\.


--
-- TOC entry 3611 (class 0 OID 16387)
-- Dependencies: 210
-- Data for Name: django_migrations; Type: TABLE DATA; Schema: public; Owner: usuario
--

COPY public.django_migrations (id, app, name, applied) FROM stdin;
1	contenttypes	0001_initial	2022-09-07 21:37:10.363632-04
2	auth	0001_initial	2022-09-07 21:37:10.616649-04
3	account	0001_initial	2022-09-07 21:37:11.025691-04
4	account	0002_email_max_length	2022-09-07 21:37:11.06935-04
5	Proyect_Agile	0001_initial	2022-09-07 21:37:11.401977-04
6	Proyect_Agile	0002_tipous_proyecto_descripcion_proyecto_estado_and_more	2022-09-07 21:37:12.680476-04
7	Proyect_Agile	0003_alter_miembro_cargahoraria	2022-09-07 21:37:12.689372-04
8	Proyect_Agile	0004_remove_miembro_usuario_miembro_correo_and_more	2022-09-07 21:37:13.837405-04
9	Proyect_Agile	0005_remove_proyecto_usbacklog_remove_proyecto_miembros_and_more	2022-09-07 21:37:14.013884-04
10	admin	0001_initial	2022-09-07 21:37:14.06865-04
11	admin	0002_logentry_remove_auto_add	2022-09-07 21:37:14.09398-04
12	admin	0003_logentry_add_action_flag_choices	2022-09-07 21:37:14.117659-04
13	contenttypes	0002_remove_content_type_name	2022-09-07 21:37:14.178475-04
14	auth	0002_alter_permission_name_max_length	2022-09-07 21:37:14.215766-04
15	auth	0003_alter_user_email_max_length	2022-09-07 21:37:14.2498-04
16	auth	0004_alter_user_username_opts	2022-09-07 21:37:14.272731-04
17	auth	0005_alter_user_last_login_null	2022-09-07 21:37:14.302418-04
18	auth	0006_require_contenttypes_0002	2022-09-07 21:37:14.306363-04
19	auth	0007_alter_validators_add_error_messages	2022-09-07 21:37:14.334705-04
20	auth	0008_alter_user_username_max_length	2022-09-07 21:37:14.365535-04
21	auth	0009_alter_user_last_name_max_length	2022-09-07 21:37:14.391699-04
22	auth	0010_alter_group_name_max_length	2022-09-07 21:37:14.442606-04
23	auth	0011_update_proxy_permissions	2022-09-07 21:37:14.476376-04
24	auth	0012_alter_user_first_name_max_length	2022-09-07 21:37:14.502936-04
25	sessions	0001_initial	2022-09-07 21:37:14.524493-04
26	sites	0001_initial	2022-09-07 21:37:14.538118-04
27	sites	0002_alter_domain_unique	2022-09-07 21:37:14.64528-04
28	socialaccount	0001_initial	2022-09-07 21:37:14.832754-04
29	socialaccount	0002_token_max_lengths	2022-09-07 21:37:14.900438-04
30	socialaccount	0003_extra_data_default_dict	2022-09-07 21:37:14.932409-04
31	Proyect_Agile	0006_remove_miembro_correo_miembro_idproyecto_and_more	2022-09-08 15:53:21.094629-04
32	Proyect_Agile	0002_alter_tipous_nombre	2022-09-26 01:31:55.153947-04
33	Proyect_Agile	0007_alter_miembro_usuario	2022-09-26 02:39:30.316123-04
34	Proyect_Agile	0002_tipous_estado_tipous_idproyecto_and_more	2022-09-28 22:19:30.811344-04
35	Proyect_Agile	0002_alter_user_story_historial	2022-09-28 23:44:41.927779-04
36	Proyect_Agile	0003_sprint_numero	2022-10-14 23:08:13.341509-03
37	Proyect_Agile	0004_remove_sprint_descripcion	2022-10-14 23:23:52.236856-03
38	Proyect_Agile	0005_user_story_encargado_user_story_estimacion_and_more	2022-10-15 18:12:42.759764-03
39	Proyect_Agile	0006_rename_estimacionsm_planningpoker_estimacion_and_more	2022-10-16 17:33:20.647582-03
40	Proyect_Agile	0007_alter_planningpoker_estado_and_more	2022-10-16 19:21:22.391746-03
41	Proyect_Agile	0008_remove_user_story_encargado	2022-10-16 20:15:12.574721-03
42	Proyect_Agile	0009_tarea	2022-11-03 17:12:25.582327-03
43	Proyect_Agile	0010_tarea_estado	2022-11-03 18:59:29.29367-03
44	Proyect_Agile	0011_remove_planningpoker_bv_remove_planningpoker_up_and_more	2022-11-03 23:36:59.748718-03
45	Proyect_Agile	0012_user_story_estimacion_user_story_idsprint_and_more	2022-11-04 00:50:34.099793-03
46	Proyect_Agile	0013_alter_user_story_estimacion	2022-11-04 00:50:34.129778-03
47	Proyect_Agile	0014_miembro_horasdisponibles	2022-11-18 16:02:38.882942-03
48	Proyect_Agile	0015_auto_20221124_0329	2022-11-24 16:15:11.988568-03
49	Proyect_Agile	0016_alter_tipous_estado_alter_user_story_estado	2022-11-24 16:15:12.126002-03
\.


--
-- TOC entry 3642 (class 0 OID 16713)
-- Dependencies: 241
-- Data for Name: django_session; Type: TABLE DATA; Schema: public; Owner: usuario
--

COPY public.django_session (session_key, session_data, expire_date) FROM stdin;
2z72nprlswqlw8l1areogl7zilw86lpu	.eJxVjMsOwiAURP-FtSE8C7jTHyGXCwRiQxOBlfHfbU0XupwzM-dFPMxR_Ozp6WskVyLJ5ZcFwEdqRwHremAKiNtsg343Z93pbU-pjYow6tbu5-tPVaCX3cOMkC4KG9EElbREpjGLbCyzKokIQstoONN6cdYxHmIILCN3xgjERQXy_gCnWTvn:1oRlGq:IW6K_jbVO6QeAF8KE_iTGh4z6L-EbprdSZR0JjA1V-4	2022-09-09 22:10:00.165-04
4hyrd5qslfk84tcr0fxpqloeluyh70ja	eyJzb2NpYWxhY2NvdW50X3N0YXRlIjpbeyJwcm9jZXNzIjoibG9naW4iLCJzY29wZSI6IiIsImF1dGhfcGFyYW1zIjoiIn0sInVwNlRoS25wZ042eiJdfQ:1oTYAd:20-npmn54WFTxvS8y9vTfFA-PAHS5dhQ0VgFKb2Weuw	2022-09-14 20:34:59.082-04
4kg7wlyoh8e9q1tfkemy4xlruw3zyihx	.eJxVjE0OwiAQRu_C2pAWHRjc6UUIMEMgNjSxsDLeXWq60OV7389LON9bdn3jpyskrgLE6dcFHx9c98Avy66lj3Httclv54g3eRvEtZXoW1nr_Vj9XWW_5fGj8WImZRgszTwhAjOAHsTJJgw2EpGNyg6HdMZgZh2CooQakklE4v0Bs6w8vQ:1oRktK:FjiNgbmKPt_VTkUEkF1GF0r6pdeM-skpcFwn-mq1sHM	2022-09-09 21:45:42.946-04
5on7efj0e2rx5ddce9vh2almiopj7m2t	.eJxVTcsKAiEU_RfXMfi-2q75EbmaojQ4kLqK_r0xZlGbA-f9Ig5Hz260-HTlTq7Eksuv5jE8Yp0GbtuUFwxhH7Uv38xpt-V2sFh7CdjLXtez9TeVseV5YKOiStBkvPRao_YgJPAgE0fDOEovQFOlMCakHLRJIJhgYFM8ADl5fwCflztj:1oSicj:s5_PC_LcU8Qp7k4OUE3UIUul3Wdxaq8IQm2MF2yP5i0	2022-09-12 13:32:33.828-04
6jnsjlzqdpjhdlscc9qfbska71gzjjvv	.eJxVjMsOwiAURP-FtSE8C7jTHyGXCwRiQxOBlfHfbU0XupwzM-dFPMxR_Ozp6WskVyLJ5ZcFwEdqRwHremAKiNtsg343Z93pbU-pjYow6tbu5-tPVaCX3cOMkC4KG9EElbREpjGLbCyzKokIQstoONN6cdYxHmIILCN3xgjERQXy_gCnWTvn:1oVgQE:xdyvSpnCVNAb4JKPsAJ9bedRM7SAMYB836U3DlNpsDI	2022-09-20 17:47:54.266-04
a4fzme2ogkxtf6xg6lc9pvyax2m668fq	.eJxVjMsOwiAURP-FtSE8C7jTHyGXCwRiQxOBlfHfbU0XupwzM-dFPMxR_Ozp6WskVyLJ5ZcFwEdqRwHremAKiNtsg343Z93pbU-pjYow6tbu5-tPVaCX3cOMkC4KG9EElbREpjGLbCyzKokIQstoONN6cdYxHmIILCN3xgjERQXy_gCnWTvn:1oUAa5:9NaQdckfOM5jwS0W2CX62Q7DLDAhqMsVKqZEiNB-Bvg	2022-09-16 13:35:49.943-04
ajiuu8p9mq42ujtbijt122cdid6b18d7	eyJzb2NpYWxhY2NvdW50X3N0YXRlIjpbeyJwcm9jZXNzIjoibG9naW4iLCJzY29wZSI6IiIsImF1dGhfcGFyYW1zIjoiIn0sImpka3ZQTE9iekZaTSJdfQ:1oSiZJ:faod-uXPLCFk6zUqjJdcGWiQYWQKM48ScPqQTIemR1k	2022-09-12 13:29:01.24-04
auk4wc8n0gmyb49jgentr2u17khixmbd	.eJxVjMsOwiAURP-FtSE8C7jTHyGXCwRiQxOBlfHfbU0XupwzM-dFPMxR_Ozp6WskVyLJ5ZcFwEdqRwHremAKiNtsg343Z93pbU-pjYow6tbu5-tPVaCX3cOMkC4KG9EElbREpjGLbCyzKokIQstoONN6cdYxHmIILCN3xgjERQXy_gCnWTvn:1oQ9s1:jx577SNnJmkyosSH4-P5Tr30L3iIGj59Rubgo7M-XZU	2022-09-05 12:01:45.148-04
c8e3fgfdnbbi5fki3ysfbb8skpahqc0g	.eJxVjMsOwiAQRf-FtSFAGR4u3fsNZBhAqgaS0q6M_65NutDtPefcFwu4rTVsIy9hTuzMJDv9bhHpkdsO0h3brXPqbV3myHeFH3Twa0_5eTncv4OKo35r0Cl6IosAkyPQ2gtthC8xg0FLaME7UbSZMmnrMcnJK0kApjjlnErs_QHT7Tcy:1oW0v8:N6yqeqCOLmDKi6EQPoLe6e58UfRfz-3V2078V-5acMs	2022-09-21 15:41:10.367-04
cglw2yqv5vmfwnkm56tzafml7kabbkqd	.eJxVjMsOwiAURP-FtSE8WgR39kfIvRcIxIYmQlfGf5eaLnQ5c-bMi3nYe_Z7i09fArsxyy6_HQI9Yj0ArOtRcyDa9tr5d3Pixu8jxdoLQS9bXU7r7ypDy-MnAs5yIiVhStpYJGeECk4jzpM1mgSBcBYRnbCQpEpGD0WnYJMy-irY-wPJzzyd:1oRJB0:Si8VU0QmPvBGtb3dBIlE6glOnFzgBzV2gWO2eY1510s	2022-09-08 16:10:06.371-04
cobjiqarzfnd2yfb53qpiq5ruwlytid0	.eJxljEEKgzAQRe-StUg1mUTdtRcJk3GCoWkETbopvXtVpFC6nPf-vJdAormkbJ-8BB94tPzAEMWQSozV15aVFzEILSphseTpADaM_8wh3TntAmPccX026mNz6rW-bhenHAhzmNPt_PpJTbhOWwecuWiPXhF0nYLWOwAjW28YNRHAqD3rpm9UY6RyaDzuvmsNK5KyB_H-AP57TWk:1oOmTy:qgJjZQ4Vas7Vuf4CSPjTsa-2lPW-uqUtQPmbbjcmG8o	2022-09-01 16:51:14.003-04
etl004zuusir6q235o7h4cncq8mvzmvh	.eJxVjMsOwiAQRf-FtSFAGR4u3fsNZBhAqgaS0q6M_65NutDtPefcFwu4rTVsIy9hTuzMJDv9bhHpkdsO0h3brXPqbV3myHeFH3Twa0_5eTncv4OKo35r0Cl6IosAkyPQ2gtthC8xg0FLaME7UbSZMmnrMcnJK0kApjjlnErs_QHT7Tcy:1oVb1d:Y6Ui5KmwyxVNKjsbjCMr2V041VYMl1fDw2ND4VMfXxg	2022-09-20 12:02:09.526-04
gjnw3jhiy3mmpdfbtj9y3rxexclhddux	eyJzb2NpYWxhY2NvdW50X3N0YXRlIjpbeyJwcm9jZXNzIjoibG9naW4iLCJzY29wZSI6IiIsImF1dGhfcGFyYW1zIjoiIn0sInNyZVFOYUJOWjBPbyJdfQ:1oO9K2:cLfF3Drtl3Up7Obz8DzVZTY6RVqMuY7dyOtFfWrpY4U	2022-08-30 23:02:22.846-04
k5pdrs7dl0imnllqb7p17f8wonyrqhir	eyJzb2NpYWxhY2NvdW50X3N0YXRlIjpbeyJwcm9jZXNzIjoibG9naW4iLCJzY29wZSI6IiIsImF1dGhfcGFyYW1zIjoiIn0sIm4ydDhYVVlNQkhxYiJdfQ:1oQ0UV:sY6RiOvUshgRaNwiuvjFDXOa25jxMY4Xjk92zbFUm34	2022-09-05 02:00:51.584-04
k8ii28w75nhyaigyomey68725dy79wws	.eJxVjE0OwiAQRu_C2pAWHRjc6UUIMEMgNjSxsDLeXWq60OV7389LON9bdn3jpyskrgLE6dcFHx9c98Avy66lj3Httclv54g3eRvEtZXoW1nr_Vj9XWW_5fGj8WImZRgszTwhAjOAHsTJJgw2EpGNyg6HdMZgZh2CooQakklE4v0Bs6w8vQ:1oS0S1:gmHMWNzHwhxnLWEaEcwz4piKx4vmP0smh8Iz_fkwOZo	2022-09-10 14:22:33.197-04
lijdh8euyayn78pkpckhw1zl1qf2qkp7	eyJzb2NpYWxhY2NvdW50X3N0YXRlIjpbeyJwcm9jZXNzIjoibG9naW4iLCJzY29wZSI6IiIsImF1dGhfcGFyYW1zIjoiIn0sIlNkeUdaVmNKS1R5TCJdfQ:1oQ1mi:cn_kWbap9tXBK3Sz5esg2keMJNk3cvCoZfQUVejbTbk	2022-09-05 03:23:44.883-04
ongwyptbyxjgwy8hhmcwexwbyuk2htwo	.eJxVjMEOgjAQRP-lZ0PahbDgTX-E7G63aSMpibQn479bDAc9znsz8zIL1RKXuutzSd5cDZrLL2OSh-ZD0LoeuCORrebSfTun3rtbS5pLEippy_dz9XcVaY_tB8hhENVeJ29DP4AAAwQ7WxTrcPJiPY_kAgOz62HAgPPoW4MGRlXz_gDRwzzw:1oQ9Nw:W8To_mtD3OJCQ__SYTy_rzhR5BFeQiUcee1rmIs3vE4	2022-09-05 11:30:40.736-04
ptek85w9erx0ejeid9bubidswyg5wv62	eyJzb2NpYWxhY2NvdW50X3N0YXRlIjpbeyJwcm9jZXNzIjoibG9naW4iLCJzY29wZSI6IiIsImF1dGhfcGFyYW1zIjoiIn0sInJ3ZnZhNDI3V1pCSSJdfQ:1oQDLB:Eoq87mGnwe2jKEl3ntPCzIVifFk4jLZA_iOYM1fR64g	2022-09-05 15:44:05.274-04
q4z098txyhhyilm97y71bcxoh4h5qksw	.eJxVTUsOgyAQvcusG4N81V17ETLgEEkpJgLdNL17tXHj5iXv_wH0fm252jdtMUSaLb0wJphyS-kGFltdbCu02TjDBCNcNIf-SfkwMKVD7s657p857dLdd0a5Ro81rvlxti5TC5blOBhJMSVYGJx0WqN2RkjDvQwch56jdMJophRSQMaNHoIRvejNGGgH5PD9AWX9Rsk:1oRPul:xUyFNAXRgPdgDs9Y9ci1mXI7XoW5W367OsmHL_mKMEU	2022-09-08 23:21:47.51-04
rd2jiiy5frp0e65iycnneeyoof6u2njb	.eJxVjMsOwiAURP-FtSE8WgR39kfIvRcIxIYmQlfGf5eaLnQ5c-bMi3nYe_Z7i09fArsxyy6_HQI9Yj0ArOtRcyDa9tr5d3Pixu8jxdoLQS9bXU7r7ypDy-MnAs5yIiVhStpYJGeECk4jzpM1mgSBcBYRnbCQpEpGD0WnYJMy-irY-wPJzzyd:1oUGa3:WhSLZaFI_aB227MWBAzKGOu938xGtw3yVQoBc3o2I-Y	2022-09-16 20:00:11.66-04
resv9gk4ufisqaua3geff5yol44wytnu	.eJxVjMsOwiAURP-FtSE8C7jTHyGXCwRiQxOBlfHfbU0XupwzM-dFPMxR_Ozp6WskVyLJ5ZcFwEdqRwHremAKiNtsg343Z93pbU-pjYow6tbu5-tPVaCX3cOMkC4KG9EElbREpjGLbCyzKokIQstoONN6cdYxHmIILCN3xgjERQXy_gCnWTvn:1oRMEM:zAr6g5RwCfj5vPM5mK-eu1JG8NAXTnbQdiho5BzxP2k	2022-09-08 19:25:46.846-04
s37y6b2twiulmhgoihx127qckbbbo7zv	eyJzb2NpYWxhY2NvdW50X3N0YXRlIjpbeyJwcm9jZXNzIjoibG9naW4iLCJzY29wZSI6IiIsImF1dGhfcGFyYW1zIjoiIn0sImljNVpDakc2ZUU0RyJdfQ:1oPyht:p7wDSfxF-NFPE7FOxEbvlrFzAtTSbTeuK4XNfDr1Vls	2022-09-05 00:06:33.534-04
tigpaiztn5pz91u1ca8uzwx4t1ukqdi4	.eJxVjDsOwjAQRO_iGllZf2Kbkj5nsHb9wQFkS3FSIe5OIqWAcua9mTfzuK3Fbz0tfo7syoBdfjvC8Ez1APGB9d54aHVdZuKHwk_a-dRiet1O9--gYC_72mUHJJIkJZV1SkOmYA3IEQftlEjCjBYGpVDHJKRzBMIYoEwRcA_IPl-61DcP:1oO2vw:Ra444QXbiaV3iZWCzeDyGeicNmiv3RF4wohBN0xqLvk	2022-08-30 16:13:04.623-04
v7590os9chub1ng9bpazt46d78j3moen	.eJyNU9ty2jAQ_ZXWz1xkG5vLTGdqCJdACOZaSKfjUW3ZKMiWkWTAZPj3yhiS0rSZvnl3j_bsnrN-UTh1MSTQdWkSCSePCA1wpDRelEs6-8Se0ogSQgpKwhFz3sKY0R32EFMaSkBpQJAiIVlZUVXV0FXDMDQAKmatZtR0UJFVArlwLhx5Dw8K5DxTHKHXtuggGHRkAV7Z_9kPhRATWWd859frX4MsLLk0lKUdYtjHyHMuGMESVFAiGCKJn1CPEp9-WiAWQAYlPMA7FDm3ZZn2YYhJes2_wWPsioRlubUQMW-Uy2Stl3IVMpVcGgkUiWyWMiyWrY73lLgUjHrdddHvHm2nNepthbnzkkBX501qhN2ayhd99QDA_guvm0U3k4u6kGQkiCunU67_rSMx5HxPWabR53BHl8K22KzdXM6IdbSbfjgbHlOyVfWHTdpf6dAKp0vwVx8wd3gSI5ZT-JBwlPNdVs-0wEy-eifRudc7gT5wJqMS0PdfaWQCukIacHXp5igUDWhaEdSKmjHTQAPoDVUv1QF4UqQispFAmSTyFl3EuYTna8mSS-PL5DARayeWg4UZIHt3Hs-BnsfkI6lu4_sHd_4fV3adPGY4hCzNw9OPgiLoBkW3nsE4PjdXC9e_7DeuC15JoVYvQWAtrHqqJpvqnLZ-gu5q3sHw6ECepGFvMErBOHgS_uRoefvNxKhjo7VsDmfPdqUydJPB5hsF8M6-TyYL9eDtl4-arbUZaIdVq7sbBBttHoAHu9_EVrS0x6SnEYew477aj7v9TtXW7yb3fRgexfbwCO1RZdXzgenqq0llaKcArmArWA2smTW1xta0M26bhsdqbU3tbtPl48iN0byGzbRrrqYBUE1duSzncOQyJHJn0CHG0gIHij-MVs9GayVDN6XRp9MvOQOIvA:1oRJ4M:OchINHdgVQuszqPfp-uoOB42TXWDEhuVmvueDpVE5NI	2022-09-08 16:03:14.697-04
wah2sqc0gnod207lknj6pdt1v5dk3t6k	.eJxVTcsKAiEU_RfXMfi-2q75EbmaojQ4kLqK_r0xZlGbA-f9Ig5Hz260-HTlTq7Eksuv5jE8Yp0GbtuUFwxhH7Uv38xpt-V2sFh7CdjLXtez9TeVseV5YKOiStBkvPRao_YgJPAgE0fDOEovQFOlMCakHLRJIJhgYFM8ADl5fwCflztj:1oTYBl:-lZ-ZTymWsdp0UoCOzHbzgNEn8YxOTsh1RPpoUEbAiQ	2022-09-14 20:36:09.597-04
x4kmjziuimkf9e8ejr7w6mkpwg42l9rk	.eJxVjMsOwiAURP-FtSE8C7jTHyGXCwRiQxOBlfHfbU0XupwzM-dFPMxR_Ozp6WskVyLJ5ZcFwEdqRwHremAKiNtsg343Z93pbU-pjYow6tbu5-tPVaCX3cOMkC4KG9EElbREpjGLbCyzKokIQstoONN6cdYxHmIILCN3xgjERQXy_gCnWTvn:1oQDKv:MKaky2ir-Y6YwWmJ_wfxRouqPiSgG2vZbw0ummpxv-w	2022-09-05 15:43:49.438-04
x76ub91obp9aa4m7k723pc8rhwvh5pdq	.eJxVjDkOgzAQRe8ydYQwXqFLLmINwyCsOEbCdpoodw9ENJTvL-8DSLTWVPybtzAHnjy_MEQYUo3xBh5rWXzNvPkwwQBCwiUckZ6cjgZjPOLm9DX_zVnn5r4TpxIIS1jT43xdVAvmZfdYQpaztRal7VrunRh1u5MehXIGDfYGlVOklSY5ydYa4WbHnSVnDEsB3x-dykcE:1oTBrR:JIL1IfJ5Hn_JX5GeFBjiefbsE6lY32VaVrFPv38iabo	2022-09-13 20:45:41.243-04
yqdue2c5snjv9e06zz1hzj2m9cliprer	.eJxVjMsOwiAURP-FtWl4CNTu9EfI5XJJiUiTAm6M_25ruulyzsycDwPEpZfm3rSmmCg4ekHKbCo95wtz0NvseqXVpcAmJgQ7QQ_4pLI3kPOOh8M3_DdHXYf7lqi0hNDSUh7H66Saoc6bZ5Ra2UBGCJAog8crKDmqqI3wUipOISIaImMI8catNVbr4JWBwLmII_v-ALFdSAA:1oT6y3:LytOHzVx28jU0vtl_8kCeI8YjYnZmWm7CoCTev5rV-E	2022-09-13 15:32:11.928-04
yw22ofra6fwr02627uy6a6i9qvyls7c2	eyJzb2NpYWxhY2NvdW50X3N0YXRlIjpbeyJwcm9jZXNzIjoibG9naW4iLCJzY29wZSI6IiIsImF1dGhfcGFyYW1zIjoiIn0sIldzRWV4WWpEaUE5NiJdfQ:1oQ1JV:7h0oVH61hxZWab0lbtAju8oZ7cXNXeOTkC1jwcKX_Gg	2022-09-05 02:53:33.423-04
87rxm394cfjecbwqjuqhcnvzmx6k1lje	.eJxVjMsOwiAURP-FtSE8C7jTHyGXCwRiQxOBlfHfbU0XupwzM-dFPMxR_Ozp6WskVyLJ5ZcFwEdqRwHremAKiNtsg343Z93pbU-pjYow6tbu5-tPVaCX3cOMkC4KG9EElbREpjGLbCyzKokIQstoONN6cdYxHmIILCN3xgjERQXy_gCnWTvn:1oWWli:B1yOy__-n93k-QvJ1YOohsrGF__IJZ0_jUZL8WQmSqI	2022-09-23 01:41:34.08399-04
cfkihglaov5ujrs2bq5jth8108lpokfg	.eJxVjMsOwiAURP-FtSE8WgR39kfIvRcIxIYmQlfGf5eaLnQ5c-bMi3nYe_Z7i09fArsxyy6_HQI9Yj0ArOtRcyDa9tr5d3Pixu8jxdoLQS9bXU7r7ypDy-MnAs5yIiVhStpYJGeECk4jzpM1mgSBcBYRnbCQpEpGD0WnYJMy-irY-wPJzzyd:1oeMt3:eix1TPAGpRqNLowHmTzhJD8xpmCNCSjRRsDiHjxOURY	2022-10-14 17:45:33.516777-03
2zjq2eqqpu1vwsddvvb8isj3sv8aepie	.eJxVjMsOwiAURP-FtSE8WgR39kfIvRcIxIYmQlfGf5eaLnQ5c-bMi3nYe_Z7i09fArsxyy6_HQI9Yj0ArOtRcyDa9tr5d3Pixu8jxdoLQS9bXU7r7ypDy-MnAs5yIiVhStpYJGeECk4jzpM1mgSBcBYRnbCQpEpGD0WnYJMy-irY-wPJzzyd:1okTPM:lAU60sVFvpfWpR8slE_Btf1PBiiAVjFaDy7Ez1lL1lo	2022-10-31 13:56:08.466265-03
giwj049q5gbv3icfqp75jvzzf4188qmb	.eJxVjMsOwiAURP-FtSE8WgR39kfIvRcIxIYmQlfGf5eaLnQ5c-bMi3nYe_Z7i09fArsxyy6_HQI9Yj0ArOtRcyDa9tr5d3Pixu8jxdoLQS9bXU7r7ypDy-MnAs5yIiVhStpYJGeECk4jzpM1mgSBcBYRnbCQpEpGD0WnYJMy-irY-wPJzzyd:1oqoAl:08u8icMVIn6HbdShpY7eRSuXVaxjZbvxVtdM-h1zidg	2022-11-18 01:19:15.020183-03
x2xnve4lfsgi8h7d79fki1s34zcbwset	.eJxVjMsOwiAURP-FtSE8WgR39kfIvRcIxIYmQlfGf5eaLnQ5c-bMi3nYe_Z7i09fArsxyy6_HQI9Yj0ArOtRcyDa9tr5d3Pixu8jxdoLQS9bXU7r7ypDy-MnAs5yIiVhStpYJGeECk4jzpM1mgSBcBYRnbCQpEpGD0WnYJMy-irY-wPJzzyd:1oyI9H:JVv1BeTWSuTq2HqPumxsy7YT0zIKorFkialqyIY9YVY	2022-12-08 16:44:39.534551-03
wnk80vndnffnm7glpkbtdaasx7760t67	eyJzb2NpYWxhY2NvdW50X3N0YXRlIjpbeyJwcm9jZXNzIjoibG9naW4iLCJzY29wZSI6IiIsImF1dGhfcGFyYW1zIjoiIn0sIlljcnk1dGpZVm1EMyJdfQ:1oyJ5R:QiOyfNwANlx9hsMBLgemdJofSyZNPujx5R0wQSvNoHs	2022-12-08 17:44:45.186394-03
\.


--
-- TOC entry 3644 (class 0 OID 16723)
-- Dependencies: 243
-- Data for Name: django_site; Type: TABLE DATA; Schema: public; Owner: usuario
--

COPY public.django_site (id, domain, name) FROM stdin;
1	localhost:8000	localhost:8000
2	10.0.2.15	diego
3	localhost	localhost
\.


--
-- TOC entry 3646 (class 0 OID 16732)
-- Dependencies: 245
-- Data for Name: socialaccount_socialaccount; Type: TABLE DATA; Schema: public; Owner: usuario
--

COPY public.socialaccount_socialaccount (id, provider, uid, last_login, date_joined, extra_data, user_id) FROM stdin;
3	google	113427420236177077628	2022-08-27 14:22:31.441-04	2022-08-18 16:40:53.439-04	{"id": "113427420236177077628", "email": "jessikmaga@fpuna.edu.py", "verified_email": true, "name": "Jessica Magali Benitez Nu\\u00f1ez", "given_name": "Jessica Magali", "family_name": "Benitez Nu\\u00f1ez", "picture": "https://lh3.googleusercontent.com/a-/AFdZucqf_55BkFR00hsNG3P4LpgrXeim9nAdsrSSiKbI=s96-c", "locale": "es", "hd": "fpuna.edu.py"}	5
4	github	87885761	2022-08-18 16:51:13.546-04	2022-08-18 16:51:13.546-04	{"login": "jessybenitez", "id": 87885761, "node_id": "MDQ6VXNlcjg3ODg1NzYx", "avatar_url": "https://avatars.githubusercontent.com/u/87885761?v=4", "gravatar_id": "", "url": "https://api.github.com/users/jessybenitez", "html_url": "https://github.com/jessybenitez", "followers_url": "https://api.github.com/users/jessybenitez/followers", "following_url": "https://api.github.com/users/jessybenitez/following{/other_user}", "gists_url": "https://api.github.com/users/jessybenitez/gists{/gist_id}", "starred_url": "https://api.github.com/users/jessybenitez/starred{/owner}{/repo}", "subscriptions_url": "https://api.github.com/users/jessybenitez/subscriptions", "organizations_url": "https://api.github.com/users/jessybenitez/orgs", "repos_url": "https://api.github.com/users/jessybenitez/repos", "events_url": "https://api.github.com/users/jessybenitez/events{/privacy}", "received_events_url": "https://api.github.com/users/jessybenitez/received_events", "type": "User", "site_admin": false, "name": null, "company": null, "blog": "", "location": null, "email": null, "hireable": null, "bio": null, "twitter_username": null, "public_repos": 2, "public_gists": 0, "followers": 0, "following": 0, "created_at": "2021-07-24T02:35:34Z", "updated_at": "2021-11-26T01:51:13Z", "private_gists": 0, "total_private_repos": 0, "owned_private_repos": 0, "disk_usage": 251, "collaborators": 0, "two_factor_authentication": false, "plan": {"name": "free", "space": 976562499, "collaborators": 0, "private_repos": 10000}}	6
5	github	111162789	2022-08-22 15:42:21.474-04	2022-08-18 17:32:43.976-04	{"login": "DiegoDDuarteC", "id": 111162789, "node_id": "U_kgDOBqA1pQ", "avatar_url": "https://avatars.githubusercontent.com/u/111162789?v=4", "gravatar_id": "", "url": "https://api.github.com/users/DiegoDDuarteC", "html_url": "https://github.com/DiegoDDuarteC", "followers_url": "https://api.github.com/users/DiegoDDuarteC/followers", "following_url": "https://api.github.com/users/DiegoDDuarteC/following{/other_user}", "gists_url": "https://api.github.com/users/DiegoDDuarteC/gists{/gist_id}", "starred_url": "https://api.github.com/users/DiegoDDuarteC/starred{/owner}{/repo}", "subscriptions_url": "https://api.github.com/users/DiegoDDuarteC/subscriptions", "organizations_url": "https://api.github.com/users/DiegoDDuarteC/orgs", "repos_url": "https://api.github.com/users/DiegoDDuarteC/repos", "events_url": "https://api.github.com/users/DiegoDDuarteC/events{/privacy}", "received_events_url": "https://api.github.com/users/DiegoDDuarteC/received_events", "type": "User", "site_admin": false, "name": null, "company": null, "blog": "", "location": null, "email": null, "hireable": null, "bio": null, "twitter_username": null, "public_repos": 0, "public_gists": 0, "followers": 0, "following": 0, "created_at": "2022-08-13T01:36:42Z", "updated_at": "2022-08-13T01:36:42Z", "private_gists": 0, "total_private_repos": 0, "owned_private_repos": 0, "disk_usage": 0, "collaborators": 0, "two_factor_authentication": false, "plan": {"name": "free", "space": 976562499, "collaborators": 0, "private_repos": 10000}}	7
7	google	100240123998732661645	2022-09-07 13:24:34.512-04	2022-08-25 23:21:44.505-04	{"id": "100240123998732661645", "email": "alexword1893@gmail.com", "verified_email": true, "name": "Alejandro Marin", "given_name": "Alejandro", "family_name": "Marin", "picture": "https://lh3.googleusercontent.com/a/AItbvmlS2uN_4cREP4_zDR_UOE_hLWkbkExVYHPk7Rtv=s96-c", "locale": "es"}	9
8	google	104440558696797218663	2022-08-30 19:59:19.76-04	2022-08-29 15:20:49.255-04	{"id": "104440558696797218663", "email": "alexword1893@fpuna.edu.py", "verified_email": true, "name": "Alejandro Fabian Marin Insfran", "given_name": "Alejandro Fabian", "family_name": "Marin Insfran", "picture": "https://lh3.googleusercontent.com/a/AItbvmlGIncIIJovfJrhoplxPtvuxX_XkmGRjIym13ko=s96-c", "locale": "es", "hd": "fpuna.edu.py"}	10
9	google	113789784788030115902	2022-08-30 15:32:09.151-04	2022-08-30 15:32:09.151-04	{"id": "113789784788030115902", "email": "estaesunacuentanueva311@gmail.com", "verified_email": true, "name": "Nueva Cuenta", "given_name": "Nueva", "family_name": "Cuenta", "picture": "https://lh3.googleusercontent.com/a/AItbvmmP7T-B87x_boU_DyDDgfhiNtvcOKULuO2keNGK=s96-c", "locale": "es-419"}	11
11	google	101315801133688821987	2022-08-30 20:45:38.472-04	2022-08-30 20:45:38.472-04	{"id": "101315801133688821987", "email": "davidjmc99@gmail.com", "verified_email": true, "name": "Alejandro Marin", "given_name": "Alejandro", "family_name": "Marin", "picture": "https://lh3.googleusercontent.com/a/AItbvmmjV_kXut25VGfoKmR0NmcjXpotLiqKyKpJEijd=s96-c", "locale": "es-419"}	13
6	google	112927359826315529766	2022-11-24 16:44:39.517752-03	2022-08-19 22:04:49.119-04	{"id": "112927359826315529766", "email": "rsvf99@fpuna.edu.py", "verified_email": true, "name": "Rodolfo Sebastian Vergara Ferreira", "given_name": "Rodolfo Sebastian", "family_name": "Vergara Ferreira", "picture": "https://lh3.googleusercontent.com/a/ALm5wu3Zb-gina8XTViOsVYe4coxHgKuFRFrk_os6QZd=s96-c", "locale": "es", "hd": "fpuna.edu.py"}	8
1	google	114167480802578381544	2022-11-24 16:44:26.381756-03	2022-08-16 23:09:11.529-04	{"id": "114167480802578381544", "email": "xelidanxiii@fpuna.edu.py", "verified_email": true, "name": "Diego Daniel Duarte Centuri\\u00f3n", "given_name": "Diego Daniel", "family_name": "Duarte Centuri\\u00f3n ", "picture": "https://lh3.googleusercontent.com/a/ALm5wu19XCn8MmX6QWCZSobb8YF0zTtJhH2nJkyUxSKl=s96-c", "locale": "es", "hd": "fpuna.edu.py"}	3
2	google	112446478962519499184	2022-09-16 20:36:50.545125-04	2022-08-16 23:11:18.025-04	{"id": "112446478962519499184", "email": "dduartecenturion@gmail.com", "verified_email": true, "name": "Diego Daniel Duarte Centuri\\u00f3n", "given_name": "Diego Daniel", "family_name": "Duarte Centuri\\u00f3n", "picture": "https://lh3.googleusercontent.com/a/AItbvmnXvc17B79HSYx_6kSt0Jkhx1i-HOBsVgEDwAFs=s96-c", "locale": "es"}	4
10	google	108900260949984580298	2022-09-30 14:33:14.159442-04	2022-08-30 19:50:23.551-04	{"id": "108900260949984580298", "email": "dahianaduarte985@gmail.com", "verified_email": true, "name": "Milagros Dahiana Duarte Centuri\\u00f3n", "given_name": "Milagros Dahiana", "family_name": "Duarte Centuri\\u00f3n", "picture": "https://lh3.googleusercontent.com/a-/ACNPEu_nlP5DenwOz0cP8quDeV1KA59mZ9-8fJmtwWi4GA=s96-c", "locale": "es-419"}	12
12	github	63258576	2022-09-02 18:22:13.194-04	2022-09-02 18:22:13.194-04	{"login": "RSVF", "id": 63258576, "node_id": "MDQ6VXNlcjYzMjU4NTc2", "avatar_url": "https://avatars.githubusercontent.com/u/63258576?v=4", "gravatar_id": "", "url": "https://api.github.com/users/RSVF", "html_url": "https://github.com/RSVF", "followers_url": "https://api.github.com/users/RSVF/followers", "following_url": "https://api.github.com/users/RSVF/following{/other_user}", "gists_url": "https://api.github.com/users/RSVF/gists{/gist_id}", "starred_url": "https://api.github.com/users/RSVF/starred{/owner}{/repo}", "subscriptions_url": "https://api.github.com/users/RSVF/subscriptions", "organizations_url": "https://api.github.com/users/RSVF/orgs", "repos_url": "https://api.github.com/users/RSVF/repos", "events_url": "https://api.github.com/users/RSVF/events{/privacy}", "received_events_url": "https://api.github.com/users/RSVF/received_events", "type": "User", "site_admin": false, "name": null, "company": null, "blog": "", "location": null, "email": null, "hireable": null, "bio": null, "twitter_username": null, "public_repos": 1, "public_gists": 0, "followers": 0, "following": 0, "created_at": "2020-04-06T18:37:18Z", "updated_at": "2022-06-12T15:42:49Z", "private_gists": 0, "total_private_repos": 1, "owned_private_repos": 1, "disk_usage": 0, "collaborators": 0, "two_factor_authentication": false, "plan": {"name": "free", "space": 976562499, "collaborators": 0, "private_repos": 10000}}	14
\.


--
-- TOC entry 3648 (class 0 OID 16740)
-- Dependencies: 247
-- Data for Name: socialaccount_socialapp; Type: TABLE DATA; Schema: public; Owner: usuario
--

COPY public.socialaccount_socialapp (id, provider, name, client_id, secret, key) FROM stdin;
1	google	GoogleSSO	300690643311-pmjm8nc392cs70d5jdjld85j2bp3e7ar.apps.googleusercontent.com	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	
2	github	DjangoSSO	16879a5e93669c7fbb1e	729ca9e0b56f8c85ca4627fcc1d4016e072a41c7	
\.


--
-- TOC entry 3650 (class 0 OID 16746)
-- Dependencies: 249
-- Data for Name: socialaccount_socialapp_sites; Type: TABLE DATA; Schema: public; Owner: usuario
--

COPY public.socialaccount_socialapp_sites (id, socialapp_id, site_id) FROM stdin;
1	1	1
2	2	1
\.


--
-- TOC entry 3652 (class 0 OID 16752)
-- Dependencies: 251
-- Data for Name: socialaccount_socialtoken; Type: TABLE DATA; Schema: public; Owner: usuario
--

COPY public.socialaccount_socialtoken (id, token, token_secret, expires_at, account_id, app_id) FROM stdin;
\.


--
-- TOC entry 3664 (class 0 OID 0)
-- Dependencies: 235
-- Name: Proyect_Agile_miembro_id_seq; Type: SEQUENCE SET; Schema: public; Owner: usuario
--

SELECT pg_catalog.setval('public."Proyect_Agile_miembro_id_seq"', 29, true);


--
-- TOC entry 3665 (class 0 OID 0)
-- Dependencies: 229
-- Name: Proyect_Agile_proyecto_id_seq; Type: SEQUENCE SET; Schema: public; Owner: usuario
--

SELECT pg_catalog.setval('public."Proyect_Agile_proyecto_id_seq"', 10, true);


--
-- TOC entry 3666 (class 0 OID 0)
-- Dependencies: 237
-- Name: Proyect_Agile_proyecto_miembros_id_seq; Type: SEQUENCE SET; Schema: public; Owner: usuario
--

SELECT pg_catalog.setval('public."Proyect_Agile_proyecto_miembros_id_seq"', 1, false);


--
-- TOC entry 3667 (class 0 OID 0)
-- Dependencies: 233
-- Name: Proyect_Agile_rol_id_seq; Type: SEQUENCE SET; Schema: public; Owner: usuario
--

SELECT pg_catalog.setval('public."Proyect_Agile_rol_id_seq"', 17, true);


--
-- TOC entry 3668 (class 0 OID 0)
-- Dependencies: 254
-- Name: Proyect_Agile_sprint_id_seq; Type: SEQUENCE SET; Schema: public; Owner: usuario
--

SELECT pg_catalog.setval('public."Proyect_Agile_sprint_id_seq"', 21, true);


--
-- TOC entry 3669 (class 0 OID 0)
-- Dependencies: 256
-- Name: Proyect_Agile_tarea_id_seq; Type: SEQUENCE SET; Schema: public; Owner: usuario
--

SELECT pg_catalog.setval('public."Proyect_Agile_tarea_id_seq"', 1, true);


--
-- TOC entry 3670 (class 0 OID 0)
-- Dependencies: 252
-- Name: Proyect_Agile_tipous_id_seq; Type: SEQUENCE SET; Schema: public; Owner: usuario
--

SELECT pg_catalog.setval('public."Proyect_Agile_tipous_id_seq"', 20, true);


--
-- TOC entry 3671 (class 0 OID 0)
-- Dependencies: 231
-- Name: Proyect_Agile_user_story_id_seq; Type: SEQUENCE SET; Schema: public; Owner: usuario
--

SELECT pg_catalog.setval('public."Proyect_Agile_user_story_id_seq"', 28, true);


--
-- TOC entry 3672 (class 0 OID 0)
-- Dependencies: 225
-- Name: account_emailaddress_id_seq; Type: SEQUENCE SET; Schema: public; Owner: usuario
--

SELECT pg_catalog.setval('public.account_emailaddress_id_seq', 9, true);


--
-- TOC entry 3673 (class 0 OID 0)
-- Dependencies: 227
-- Name: account_emailconfirmation_id_seq; Type: SEQUENCE SET; Schema: public; Owner: usuario
--

SELECT pg_catalog.setval('public.account_emailconfirmation_id_seq', 1, false);


--
-- TOC entry 3674 (class 0 OID 0)
-- Dependencies: 215
-- Name: auth_group_id_seq; Type: SEQUENCE SET; Schema: public; Owner: usuario
--

SELECT pg_catalog.setval('public.auth_group_id_seq', 3, true);


--
-- TOC entry 3675 (class 0 OID 0)
-- Dependencies: 217
-- Name: auth_group_permissions_id_seq; Type: SEQUENCE SET; Schema: public; Owner: usuario
--

SELECT pg_catalog.setval('public.auth_group_permissions_id_seq', 1, true);


--
-- TOC entry 3676 (class 0 OID 0)
-- Dependencies: 213
-- Name: auth_permission_id_seq; Type: SEQUENCE SET; Schema: public; Owner: usuario
--

SELECT pg_catalog.setval('public.auth_permission_id_seq', 88, true);


--
-- TOC entry 3677 (class 0 OID 0)
-- Dependencies: 221
-- Name: auth_user_groups_id_seq; Type: SEQUENCE SET; Schema: public; Owner: usuario
--

SELECT pg_catalog.setval('public.auth_user_groups_id_seq', 2, true);


--
-- TOC entry 3678 (class 0 OID 0)
-- Dependencies: 219
-- Name: auth_user_id_seq; Type: SEQUENCE SET; Schema: public; Owner: usuario
--

SELECT pg_catalog.setval('public.auth_user_id_seq', 14, true);


--
-- TOC entry 3679 (class 0 OID 0)
-- Dependencies: 223
-- Name: auth_user_user_permissions_id_seq; Type: SEQUENCE SET; Schema: public; Owner: usuario
--

SELECT pg_catalog.setval('public.auth_user_user_permissions_id_seq', 1, false);


--
-- TOC entry 3680 (class 0 OID 0)
-- Dependencies: 239
-- Name: django_admin_log_id_seq; Type: SEQUENCE SET; Schema: public; Owner: usuario
--

SELECT pg_catalog.setval('public.django_admin_log_id_seq', 26, true);


--
-- TOC entry 3681 (class 0 OID 0)
-- Dependencies: 211
-- Name: django_content_type_id_seq; Type: SEQUENCE SET; Schema: public; Owner: usuario
--

SELECT pg_catalog.setval('public.django_content_type_id_seq', 22, true);


--
-- TOC entry 3682 (class 0 OID 0)
-- Dependencies: 209
-- Name: django_migrations_id_seq; Type: SEQUENCE SET; Schema: public; Owner: usuario
--

SELECT pg_catalog.setval('public.django_migrations_id_seq', 49, true);


--
-- TOC entry 3683 (class 0 OID 0)
-- Dependencies: 242
-- Name: django_site_id_seq; Type: SEQUENCE SET; Schema: public; Owner: usuario
--

SELECT pg_catalog.setval('public.django_site_id_seq', 3, true);


--
-- TOC entry 3684 (class 0 OID 0)
-- Dependencies: 244
-- Name: socialaccount_socialaccount_id_seq; Type: SEQUENCE SET; Schema: public; Owner: usuario
--

SELECT pg_catalog.setval('public.socialaccount_socialaccount_id_seq', 12, true);


--
-- TOC entry 3685 (class 0 OID 0)
-- Dependencies: 246
-- Name: socialaccount_socialapp_id_seq; Type: SEQUENCE SET; Schema: public; Owner: usuario
--

SELECT pg_catalog.setval('public.socialaccount_socialapp_id_seq', 2, true);


--
-- TOC entry 3686 (class 0 OID 0)
-- Dependencies: 248
-- Name: socialaccount_socialapp_sites_id_seq; Type: SEQUENCE SET; Schema: public; Owner: usuario
--

SELECT pg_catalog.setval('public.socialaccount_socialapp_sites_id_seq', 2, true);


--
-- TOC entry 3687 (class 0 OID 0)
-- Dependencies: 250
-- Name: socialaccount_socialtoken_id_seq; Type: SEQUENCE SET; Schema: public; Owner: usuario
--

SELECT pg_catalog.setval('public.socialaccount_socialtoken_id_seq', 1, false);


--
-- TOC entry 3393 (class 2606 OID 16571)
-- Name: Proyect_Agile_miembro Proyect_Agile_miembro_pkey; Type: CONSTRAINT; Schema: public; Owner: usuario
--

ALTER TABLE ONLY public."Proyect_Agile_miembro"
    ADD CONSTRAINT "Proyect_Agile_miembro_pkey" PRIMARY KEY (id);


--
-- TOC entry 3396 (class 2606 OID 16671)
-- Name: Proyect_Agile_proyecto_miembros Proyect_Agile_proyecto_m_proyecto_id_miembro_id_f38a9384_uniq; Type: CONSTRAINT; Schema: public; Owner: usuario
--

ALTER TABLE ONLY public."Proyect_Agile_proyecto_miembros"
    ADD CONSTRAINT "Proyect_Agile_proyecto_m_proyecto_id_miembro_id_f38a9384_uniq" UNIQUE (proyecto_id, miembro_id);


--
-- TOC entry 3399 (class 2606 OID 16669)
-- Name: Proyect_Agile_proyecto_miembros Proyect_Agile_proyecto_miembros_pkey; Type: CONSTRAINT; Schema: public; Owner: usuario
--

ALTER TABLE ONLY public."Proyect_Agile_proyecto_miembros"
    ADD CONSTRAINT "Proyect_Agile_proyecto_miembros_pkey" PRIMARY KEY (id);


--
-- TOC entry 3379 (class 2606 OID 16532)
-- Name: Proyect_Agile_proyecto Proyect_Agile_proyecto_pkey; Type: CONSTRAINT; Schema: public; Owner: usuario
--

ALTER TABLE ONLY public."Proyect_Agile_proyecto"
    ADD CONSTRAINT "Proyect_Agile_proyecto_pkey" PRIMARY KEY (id);


--
-- TOC entry 3389 (class 2606 OID 16565)
-- Name: Proyect_Agile_rol Proyect_Agile_rol_pkey; Type: CONSTRAINT; Schema: public; Owner: usuario
--

ALTER TABLE ONLY public."Proyect_Agile_rol"
    ADD CONSTRAINT "Proyect_Agile_rol_pkey" PRIMARY KEY (id);


--
-- TOC entry 3438 (class 2606 OID 65543)
-- Name: Proyect_Agile_sprint Proyect_Agile_sprint_pkey; Type: CONSTRAINT; Schema: public; Owner: usuario
--

ALTER TABLE ONLY public."Proyect_Agile_sprint"
    ADD CONSTRAINT "Proyect_Agile_sprint_pkey" PRIMARY KEY (id);


--
-- TOC entry 3441 (class 2606 OID 106503)
-- Name: Proyect_Agile_tarea Proyect_Agile_tarea_pkey; Type: CONSTRAINT; Schema: public; Owner: usuario
--

ALTER TABLE ONLY public."Proyect_Agile_tarea"
    ADD CONSTRAINT "Proyect_Agile_tarea_pkey" PRIMARY KEY (id);


--
-- TOC entry 3435 (class 2606 OID 49167)
-- Name: Proyect_Agile_tipous Proyect_Agile_tipous_pkey; Type: CONSTRAINT; Schema: public; Owner: usuario
--

ALTER TABLE ONLY public."Proyect_Agile_tipous"
    ADD CONSTRAINT "Proyect_Agile_tipous_pkey" PRIMARY KEY (id);


--
-- TOC entry 3385 (class 2606 OID 16557)
-- Name: Proyect_Agile_user_story Proyect_Agile_user_story_pkey; Type: CONSTRAINT; Schema: public; Owner: usuario
--

ALTER TABLE ONLY public."Proyect_Agile_user_story"
    ADD CONSTRAINT "Proyect_Agile_user_story_pkey" PRIMARY KEY (id);


--
-- TOC entry 3368 (class 2606 OID 16525)
-- Name: account_emailaddress account_emailaddress_email_key; Type: CONSTRAINT; Schema: public; Owner: usuario
--

ALTER TABLE ONLY public.account_emailaddress
    ADD CONSTRAINT account_emailaddress_email_key UNIQUE (email);


--
-- TOC entry 3370 (class 2606 OID 16499)
-- Name: account_emailaddress account_emailaddress_pkey; Type: CONSTRAINT; Schema: public; Owner: usuario
--

ALTER TABLE ONLY public.account_emailaddress
    ADD CONSTRAINT account_emailaddress_pkey PRIMARY KEY (id);


--
-- TOC entry 3375 (class 2606 OID 16509)
-- Name: account_emailconfirmation account_emailconfirmation_key_key; Type: CONSTRAINT; Schema: public; Owner: usuario
--

ALTER TABLE ONLY public.account_emailconfirmation
    ADD CONSTRAINT account_emailconfirmation_key_key UNIQUE (key);


--
-- TOC entry 3377 (class 2606 OID 16507)
-- Name: account_emailconfirmation account_emailconfirmation_pkey; Type: CONSTRAINT; Schema: public; Owner: usuario
--

ALTER TABLE ONLY public.account_emailconfirmation
    ADD CONSTRAINT account_emailconfirmation_pkey PRIMARY KEY (id);


--
-- TOC entry 3340 (class 2606 OID 16711)
-- Name: auth_group auth_group_name_key; Type: CONSTRAINT; Schema: public; Owner: usuario
--

ALTER TABLE ONLY public.auth_group
    ADD CONSTRAINT auth_group_name_key UNIQUE (name);


--
-- TOC entry 3345 (class 2606 OID 16452)
-- Name: auth_group_permissions auth_group_permissions_group_id_permission_id_0cd325b0_uniq; Type: CONSTRAINT; Schema: public; Owner: usuario
--

ALTER TABLE ONLY public.auth_group_permissions
    ADD CONSTRAINT auth_group_permissions_group_id_permission_id_0cd325b0_uniq UNIQUE (group_id, permission_id);


--
-- TOC entry 3348 (class 2606 OID 16421)
-- Name: auth_group_permissions auth_group_permissions_pkey; Type: CONSTRAINT; Schema: public; Owner: usuario
--

ALTER TABLE ONLY public.auth_group_permissions
    ADD CONSTRAINT auth_group_permissions_pkey PRIMARY KEY (id);


--
-- TOC entry 3342 (class 2606 OID 16413)
-- Name: auth_group auth_group_pkey; Type: CONSTRAINT; Schema: public; Owner: usuario
--

ALTER TABLE ONLY public.auth_group
    ADD CONSTRAINT auth_group_pkey PRIMARY KEY (id);


--
-- TOC entry 3335 (class 2606 OID 16443)
-- Name: auth_permission auth_permission_content_type_id_codename_01ab375a_uniq; Type: CONSTRAINT; Schema: public; Owner: usuario
--

ALTER TABLE ONLY public.auth_permission
    ADD CONSTRAINT auth_permission_content_type_id_codename_01ab375a_uniq UNIQUE (content_type_id, codename);


--
-- TOC entry 3337 (class 2606 OID 16407)
-- Name: auth_permission auth_permission_pkey; Type: CONSTRAINT; Schema: public; Owner: usuario
--

ALTER TABLE ONLY public.auth_permission
    ADD CONSTRAINT auth_permission_pkey PRIMARY KEY (id);


--
-- TOC entry 3356 (class 2606 OID 16435)
-- Name: auth_user_groups auth_user_groups_pkey; Type: CONSTRAINT; Schema: public; Owner: usuario
--

ALTER TABLE ONLY public.auth_user_groups
    ADD CONSTRAINT auth_user_groups_pkey PRIMARY KEY (id);


--
-- TOC entry 3359 (class 2606 OID 16467)
-- Name: auth_user_groups auth_user_groups_user_id_group_id_94350c0c_uniq; Type: CONSTRAINT; Schema: public; Owner: usuario
--

ALTER TABLE ONLY public.auth_user_groups
    ADD CONSTRAINT auth_user_groups_user_id_group_id_94350c0c_uniq UNIQUE (user_id, group_id);


--
-- TOC entry 3350 (class 2606 OID 16427)
-- Name: auth_user auth_user_pkey; Type: CONSTRAINT; Schema: public; Owner: usuario
--

ALTER TABLE ONLY public.auth_user
    ADD CONSTRAINT auth_user_pkey PRIMARY KEY (id);


--
-- TOC entry 3362 (class 2606 OID 16441)
-- Name: auth_user_user_permissions auth_user_user_permissions_pkey; Type: CONSTRAINT; Schema: public; Owner: usuario
--

ALTER TABLE ONLY public.auth_user_user_permissions
    ADD CONSTRAINT auth_user_user_permissions_pkey PRIMARY KEY (id);


--
-- TOC entry 3365 (class 2606 OID 16481)
-- Name: auth_user_user_permissions auth_user_user_permissions_user_id_permission_id_14a6b632_uniq; Type: CONSTRAINT; Schema: public; Owner: usuario
--

ALTER TABLE ONLY public.auth_user_user_permissions
    ADD CONSTRAINT auth_user_user_permissions_user_id_permission_id_14a6b632_uniq UNIQUE (user_id, permission_id);


--
-- TOC entry 3353 (class 2606 OID 16706)
-- Name: auth_user auth_user_username_key; Type: CONSTRAINT; Schema: public; Owner: usuario
--

ALTER TABLE ONLY public.auth_user
    ADD CONSTRAINT auth_user_username_key UNIQUE (username);


--
-- TOC entry 3403 (class 2606 OID 16692)
-- Name: django_admin_log django_admin_log_pkey; Type: CONSTRAINT; Schema: public; Owner: usuario
--

ALTER TABLE ONLY public.django_admin_log
    ADD CONSTRAINT django_admin_log_pkey PRIMARY KEY (id);


--
-- TOC entry 3330 (class 2606 OID 16401)
-- Name: django_content_type django_content_type_app_label_model_76bd3d3b_uniq; Type: CONSTRAINT; Schema: public; Owner: usuario
--

ALTER TABLE ONLY public.django_content_type
    ADD CONSTRAINT django_content_type_app_label_model_76bd3d3b_uniq UNIQUE (app_label, model);


--
-- TOC entry 3332 (class 2606 OID 16399)
-- Name: django_content_type django_content_type_pkey; Type: CONSTRAINT; Schema: public; Owner: usuario
--

ALTER TABLE ONLY public.django_content_type
    ADD CONSTRAINT django_content_type_pkey PRIMARY KEY (id);


--
-- TOC entry 3328 (class 2606 OID 16393)
-- Name: django_migrations django_migrations_pkey; Type: CONSTRAINT; Schema: public; Owner: usuario
--

ALTER TABLE ONLY public.django_migrations
    ADD CONSTRAINT django_migrations_pkey PRIMARY KEY (id);


--
-- TOC entry 3407 (class 2606 OID 16719)
-- Name: django_session django_session_pkey; Type: CONSTRAINT; Schema: public; Owner: usuario
--

ALTER TABLE ONLY public.django_session
    ADD CONSTRAINT django_session_pkey PRIMARY KEY (session_key);


--
-- TOC entry 3411 (class 2606 OID 16729)
-- Name: django_site django_site_domain_a2e37b91_uniq; Type: CONSTRAINT; Schema: public; Owner: usuario
--

ALTER TABLE ONLY public.django_site
    ADD CONSTRAINT django_site_domain_a2e37b91_uniq UNIQUE (domain);


--
-- TOC entry 3413 (class 2606 OID 16727)
-- Name: django_site django_site_pkey; Type: CONSTRAINT; Schema: public; Owner: usuario
--

ALTER TABLE ONLY public.django_site
    ADD CONSTRAINT django_site_pkey PRIMARY KEY (id);


--
-- TOC entry 3415 (class 2606 OID 16738)
-- Name: socialaccount_socialaccount socialaccount_socialaccount_pkey; Type: CONSTRAINT; Schema: public; Owner: usuario
--

ALTER TABLE ONLY public.socialaccount_socialaccount
    ADD CONSTRAINT socialaccount_socialaccount_pkey PRIMARY KEY (id);


--
-- TOC entry 3417 (class 2606 OID 16762)
-- Name: socialaccount_socialaccount socialaccount_socialaccount_provider_uid_fc810c6e_uniq; Type: CONSTRAINT; Schema: public; Owner: usuario
--

ALTER TABLE ONLY public.socialaccount_socialaccount
    ADD CONSTRAINT socialaccount_socialaccount_provider_uid_fc810c6e_uniq UNIQUE (provider, uid);


--
-- TOC entry 3422 (class 2606 OID 16770)
-- Name: socialaccount_socialapp_sites socialaccount_socialapp__socialapp_id_site_id_71a9a768_uniq; Type: CONSTRAINT; Schema: public; Owner: usuario
--

ALTER TABLE ONLY public.socialaccount_socialapp_sites
    ADD CONSTRAINT socialaccount_socialapp__socialapp_id_site_id_71a9a768_uniq UNIQUE (socialapp_id, site_id);


--
-- TOC entry 3420 (class 2606 OID 16744)
-- Name: socialaccount_socialapp socialaccount_socialapp_pkey; Type: CONSTRAINT; Schema: public; Owner: usuario
--

ALTER TABLE ONLY public.socialaccount_socialapp
    ADD CONSTRAINT socialaccount_socialapp_pkey PRIMARY KEY (id);


--
-- TOC entry 3424 (class 2606 OID 16750)
-- Name: socialaccount_socialapp_sites socialaccount_socialapp_sites_pkey; Type: CONSTRAINT; Schema: public; Owner: usuario
--

ALTER TABLE ONLY public.socialaccount_socialapp_sites
    ADD CONSTRAINT socialaccount_socialapp_sites_pkey PRIMARY KEY (id);


--
-- TOC entry 3430 (class 2606 OID 16760)
-- Name: socialaccount_socialtoken socialaccount_socialtoken_app_id_account_id_fca4e0ac_uniq; Type: CONSTRAINT; Schema: public; Owner: usuario
--

ALTER TABLE ONLY public.socialaccount_socialtoken
    ADD CONSTRAINT socialaccount_socialtoken_app_id_account_id_fca4e0ac_uniq UNIQUE (app_id, account_id);


--
-- TOC entry 3432 (class 2606 OID 16758)
-- Name: socialaccount_socialtoken socialaccount_socialtoken_pkey; Type: CONSTRAINT; Schema: public; Owner: usuario
--

ALTER TABLE ONLY public.socialaccount_socialtoken
    ADD CONSTRAINT socialaccount_socialtoken_pkey PRIMARY KEY (id);


--
-- TOC entry 3390 (class 1259 OID 24597)
-- Name: Proyect_Agile_miembro_idproyecto_id_f195b23a; Type: INDEX; Schema: public; Owner: usuario
--

CREATE INDEX "Proyect_Agile_miembro_idproyecto_id_f195b23a" ON public."Proyect_Agile_miembro" USING btree (idproyecto_id);


--
-- TOC entry 3391 (class 1259 OID 24598)
-- Name: Proyect_Agile_miembro_idrol_id_dc545b0e; Type: INDEX; Schema: public; Owner: usuario
--

CREATE INDEX "Proyect_Agile_miembro_idrol_id_dc545b0e" ON public."Proyect_Agile_miembro" USING btree (idrol_id);


--
-- TOC entry 3394 (class 1259 OID 24599)
-- Name: Proyect_Agile_miembro_usuario_id_a610b871; Type: INDEX; Schema: public; Owner: usuario
--

CREATE INDEX "Proyect_Agile_miembro_usuario_id_a610b871" ON public."Proyect_Agile_miembro" USING btree (usuario_id);


--
-- TOC entry 3397 (class 1259 OID 16683)
-- Name: Proyect_Agile_proyecto_miembros_miembro_id_5d96c26b; Type: INDEX; Schema: public; Owner: usuario
--

CREATE INDEX "Proyect_Agile_proyecto_miembros_miembro_id_5d96c26b" ON public."Proyect_Agile_proyecto_miembros" USING btree (miembro_id);


--
-- TOC entry 3400 (class 1259 OID 16682)
-- Name: Proyect_Agile_proyecto_miembros_proyecto_id_74a784dd; Type: INDEX; Schema: public; Owner: usuario
--

CREATE INDEX "Proyect_Agile_proyecto_miembros_proyecto_id_74a784dd" ON public."Proyect_Agile_proyecto_miembros" USING btree (proyecto_id);


--
-- TOC entry 3380 (class 1259 OID 16643)
-- Name: Proyect_Agile_proyecto_scrumMaster_id_390fcb74; Type: INDEX; Schema: public; Owner: usuario
--

CREATE INDEX "Proyect_Agile_proyecto_scrumMaster_id_390fcb74" ON public."Proyect_Agile_proyecto" USING btree ("scrumMaster_id");


--
-- TOC entry 3387 (class 1259 OID 16611)
-- Name: Proyect_Agile_rol_idProyecto_id_efb8f353; Type: INDEX; Schema: public; Owner: usuario
--

CREATE INDEX "Proyect_Agile_rol_idProyecto_id_efb8f353" ON public."Proyect_Agile_rol" USING btree ("idProyecto_id");


--
-- TOC entry 3436 (class 1259 OID 65549)
-- Name: Proyect_Agile_sprint_idproyecto_id_11251261; Type: INDEX; Schema: public; Owner: usuario
--

CREATE INDEX "Proyect_Agile_sprint_idproyecto_id_11251261" ON public."Proyect_Agile_sprint" USING btree (idproyecto_id);


--
-- TOC entry 3439 (class 1259 OID 106509)
-- Name: Proyect_Agile_tarea_idUs_id_63c6def7; Type: INDEX; Schema: public; Owner: usuario
--

CREATE INDEX "Proyect_Agile_tarea_idUs_id_63c6def7" ON public."Proyect_Agile_tarea" USING btree ("idUs_id");


--
-- TOC entry 3433 (class 1259 OID 49183)
-- Name: Proyect_Agile_tipous_idproyecto_id_d72aae61; Type: INDEX; Schema: public; Owner: usuario
--

CREATE INDEX "Proyect_Agile_tipous_idproyecto_id_d72aae61" ON public."Proyect_Agile_tipous" USING btree (idproyecto_id);


--
-- TOC entry 3381 (class 1259 OID 106547)
-- Name: Proyect_Agile_user_story_idSprint_id_06d6240d; Type: INDEX; Schema: public; Owner: usuario
--

CREATE INDEX "Proyect_Agile_user_story_idSprint_id_06d6240d" ON public."Proyect_Agile_user_story" USING btree ("idSprint_id");


--
-- TOC entry 3382 (class 1259 OID 49184)
-- Name: Proyect_Agile_user_story_idproyecto_id_7d0bf53e; Type: INDEX; Schema: public; Owner: usuario
--

CREATE INDEX "Proyect_Agile_user_story_idproyecto_id_7d0bf53e" ON public."Proyect_Agile_user_story" USING btree (idproyecto_id);


--
-- TOC entry 3383 (class 1259 OID 106516)
-- Name: Proyect_Agile_user_story_miembroEncargado_id_3337f63c; Type: INDEX; Schema: public; Owner: usuario
--

CREATE INDEX "Proyect_Agile_user_story_miembroEncargado_id_3337f63c" ON public."Proyect_Agile_user_story" USING btree ("miembroEncargado_id");


--
-- TOC entry 3386 (class 1259 OID 16605)
-- Name: Proyect_Agile_user_story_tipo_id_5b1ee670; Type: INDEX; Schema: public; Owner: usuario
--

CREATE INDEX "Proyect_Agile_user_story_tipo_id_5b1ee670" ON public."Proyect_Agile_user_story" USING btree (tipo_id);


--
-- TOC entry 3366 (class 1259 OID 16526)
-- Name: account_emailaddress_email_03be32b2_like; Type: INDEX; Schema: public; Owner: usuario
--

CREATE INDEX account_emailaddress_email_03be32b2_like ON public.account_emailaddress USING btree (email varchar_pattern_ops);


--
-- TOC entry 3371 (class 1259 OID 16516)
-- Name: account_emailaddress_user_id_2c513194; Type: INDEX; Schema: public; Owner: usuario
--

CREATE INDEX account_emailaddress_user_id_2c513194 ON public.account_emailaddress USING btree (user_id);


--
-- TOC entry 3372 (class 1259 OID 16523)
-- Name: account_emailconfirmation_email_address_id_5b7f8c58; Type: INDEX; Schema: public; Owner: usuario
--

CREATE INDEX account_emailconfirmation_email_address_id_5b7f8c58 ON public.account_emailconfirmation USING btree (email_address_id);


--
-- TOC entry 3373 (class 1259 OID 16522)
-- Name: account_emailconfirmation_key_f43612bd_like; Type: INDEX; Schema: public; Owner: usuario
--

CREATE INDEX account_emailconfirmation_key_f43612bd_like ON public.account_emailconfirmation USING btree (key varchar_pattern_ops);


--
-- TOC entry 3338 (class 1259 OID 16712)
-- Name: auth_group_name_a6ea08ec_like; Type: INDEX; Schema: public; Owner: usuario
--

CREATE INDEX auth_group_name_a6ea08ec_like ON public.auth_group USING btree (name varchar_pattern_ops);


--
-- TOC entry 3343 (class 1259 OID 16463)
-- Name: auth_group_permissions_group_id_b120cbf9; Type: INDEX; Schema: public; Owner: usuario
--

CREATE INDEX auth_group_permissions_group_id_b120cbf9 ON public.auth_group_permissions USING btree (group_id);


--
-- TOC entry 3346 (class 1259 OID 16464)
-- Name: auth_group_permissions_permission_id_84c5c92e; Type: INDEX; Schema: public; Owner: usuario
--

CREATE INDEX auth_group_permissions_permission_id_84c5c92e ON public.auth_group_permissions USING btree (permission_id);


--
-- TOC entry 3333 (class 1259 OID 16449)
-- Name: auth_permission_content_type_id_2f476e4b; Type: INDEX; Schema: public; Owner: usuario
--

CREATE INDEX auth_permission_content_type_id_2f476e4b ON public.auth_permission USING btree (content_type_id);


--
-- TOC entry 3354 (class 1259 OID 16479)
-- Name: auth_user_groups_group_id_97559544; Type: INDEX; Schema: public; Owner: usuario
--

CREATE INDEX auth_user_groups_group_id_97559544 ON public.auth_user_groups USING btree (group_id);


--
-- TOC entry 3357 (class 1259 OID 16478)
-- Name: auth_user_groups_user_id_6a12ed8b; Type: INDEX; Schema: public; Owner: usuario
--

CREATE INDEX auth_user_groups_user_id_6a12ed8b ON public.auth_user_groups USING btree (user_id);


--
-- TOC entry 3360 (class 1259 OID 16493)
-- Name: auth_user_user_permissions_permission_id_1fbb5f2c; Type: INDEX; Schema: public; Owner: usuario
--

CREATE INDEX auth_user_user_permissions_permission_id_1fbb5f2c ON public.auth_user_user_permissions USING btree (permission_id);


--
-- TOC entry 3363 (class 1259 OID 16492)
-- Name: auth_user_user_permissions_user_id_a95ead1b; Type: INDEX; Schema: public; Owner: usuario
--

CREATE INDEX auth_user_user_permissions_user_id_a95ead1b ON public.auth_user_user_permissions USING btree (user_id);


--
-- TOC entry 3351 (class 1259 OID 16707)
-- Name: auth_user_username_6821ab7c_like; Type: INDEX; Schema: public; Owner: usuario
--

CREATE INDEX auth_user_username_6821ab7c_like ON public.auth_user USING btree (username varchar_pattern_ops);


--
-- TOC entry 3401 (class 1259 OID 16703)
-- Name: django_admin_log_content_type_id_c4bce8eb; Type: INDEX; Schema: public; Owner: usuario
--

CREATE INDEX django_admin_log_content_type_id_c4bce8eb ON public.django_admin_log USING btree (content_type_id);


--
-- TOC entry 3404 (class 1259 OID 16704)
-- Name: django_admin_log_user_id_c564eba6; Type: INDEX; Schema: public; Owner: usuario
--

CREATE INDEX django_admin_log_user_id_c564eba6 ON public.django_admin_log USING btree (user_id);


--
-- TOC entry 3405 (class 1259 OID 16721)
-- Name: django_session_expire_date_a5c62663; Type: INDEX; Schema: public; Owner: usuario
--

CREATE INDEX django_session_expire_date_a5c62663 ON public.django_session USING btree (expire_date);


--
-- TOC entry 3408 (class 1259 OID 16720)
-- Name: django_session_session_key_c0390e0f_like; Type: INDEX; Schema: public; Owner: usuario
--

CREATE INDEX django_session_session_key_c0390e0f_like ON public.django_session USING btree (session_key varchar_pattern_ops);


--
-- TOC entry 3409 (class 1259 OID 16730)
-- Name: django_site_domain_a2e37b91_like; Type: INDEX; Schema: public; Owner: usuario
--

CREATE INDEX django_site_domain_a2e37b91_like ON public.django_site USING btree (domain varchar_pattern_ops);


--
-- TOC entry 3418 (class 1259 OID 16768)
-- Name: socialaccount_socialaccount_user_id_8146e70c; Type: INDEX; Schema: public; Owner: usuario
--

CREATE INDEX socialaccount_socialaccount_user_id_8146e70c ON public.socialaccount_socialaccount USING btree (user_id);


--
-- TOC entry 3425 (class 1259 OID 16782)
-- Name: socialaccount_socialapp_sites_site_id_2579dee5; Type: INDEX; Schema: public; Owner: usuario
--

CREATE INDEX socialaccount_socialapp_sites_site_id_2579dee5 ON public.socialaccount_socialapp_sites USING btree (site_id);


--
-- TOC entry 3426 (class 1259 OID 16781)
-- Name: socialaccount_socialapp_sites_socialapp_id_97fb6e7d; Type: INDEX; Schema: public; Owner: usuario
--

CREATE INDEX socialaccount_socialapp_sites_socialapp_id_97fb6e7d ON public.socialaccount_socialapp_sites USING btree (socialapp_id);


--
-- TOC entry 3427 (class 1259 OID 16793)
-- Name: socialaccount_socialtoken_account_id_951f210e; Type: INDEX; Schema: public; Owner: usuario
--

CREATE INDEX socialaccount_socialtoken_account_id_951f210e ON public.socialaccount_socialtoken USING btree (account_id);


--
-- TOC entry 3428 (class 1259 OID 16794)
-- Name: socialaccount_socialtoken_app_id_636a42d7; Type: INDEX; Schema: public; Owner: usuario
--

CREATE INDEX socialaccount_socialtoken_app_id_636a42d7 ON public.socialaccount_socialtoken USING btree (app_id);


--
-- TOC entry 3456 (class 2606 OID 24576)
-- Name: Proyect_Agile_miembro Proyect_Agile_miembr_idproyecto_id_f195b23a_fk_Proyect_A; Type: FK CONSTRAINT; Schema: public; Owner: usuario
--

ALTER TABLE ONLY public."Proyect_Agile_miembro"
    ADD CONSTRAINT "Proyect_Agile_miembr_idproyecto_id_f195b23a_fk_Proyect_A" FOREIGN KEY (idproyecto_id) REFERENCES public."Proyect_Agile_proyecto"(id) DEFERRABLE INITIALLY DEFERRED;


--
-- TOC entry 3457 (class 2606 OID 24581)
-- Name: Proyect_Agile_miembro Proyect_Agile_miembro_idrol_id_dc545b0e_fk_Proyect_Agile_rol_id; Type: FK CONSTRAINT; Schema: public; Owner: usuario
--

ALTER TABLE ONLY public."Proyect_Agile_miembro"
    ADD CONSTRAINT "Proyect_Agile_miembro_idrol_id_dc545b0e_fk_Proyect_Agile_rol_id" FOREIGN KEY (idrol_id) REFERENCES public."Proyect_Agile_rol"(id) DEFERRABLE INITIALLY DEFERRED;


--
-- TOC entry 3458 (class 2606 OID 40964)
-- Name: Proyect_Agile_miembro Proyect_Agile_miembro_usuario_id_a610b871_fk_auth_user_id; Type: FK CONSTRAINT; Schema: public; Owner: usuario
--

ALTER TABLE ONLY public."Proyect_Agile_miembro"
    ADD CONSTRAINT "Proyect_Agile_miembro_usuario_id_a610b871_fk_auth_user_id" FOREIGN KEY (usuario_id) REFERENCES public.auth_user(id) DEFERRABLE INITIALLY DEFERRED;


--
-- TOC entry 3460 (class 2606 OID 16677)
-- Name: Proyect_Agile_proyecto_miembros Proyect_Agile_proyec_miembro_id_5d96c26b_fk_Proyect_A; Type: FK CONSTRAINT; Schema: public; Owner: usuario
--

ALTER TABLE ONLY public."Proyect_Agile_proyecto_miembros"
    ADD CONSTRAINT "Proyect_Agile_proyec_miembro_id_5d96c26b_fk_Proyect_A" FOREIGN KEY (miembro_id) REFERENCES public."Proyect_Agile_miembro"(id) DEFERRABLE INITIALLY DEFERRED;


--
-- TOC entry 3459 (class 2606 OID 16672)
-- Name: Proyect_Agile_proyecto_miembros Proyect_Agile_proyec_proyecto_id_74a784dd_fk_Proyect_A; Type: FK CONSTRAINT; Schema: public; Owner: usuario
--

ALTER TABLE ONLY public."Proyect_Agile_proyecto_miembros"
    ADD CONSTRAINT "Proyect_Agile_proyec_proyecto_id_74a784dd_fk_Proyect_A" FOREIGN KEY (proyecto_id) REFERENCES public."Proyect_Agile_proyecto"(id) DEFERRABLE INITIALLY DEFERRED;


--
-- TOC entry 3451 (class 2606 OID 24592)
-- Name: Proyect_Agile_proyecto Proyect_Agile_proyecto_scrumMaster_id_390fcb74_fk_auth_user_id; Type: FK CONSTRAINT; Schema: public; Owner: usuario
--

ALTER TABLE ONLY public."Proyect_Agile_proyecto"
    ADD CONSTRAINT "Proyect_Agile_proyecto_scrumMaster_id_390fcb74_fk_auth_user_id" FOREIGN KEY ("scrumMaster_id") REFERENCES public.auth_user(id) DEFERRABLE INITIALLY DEFERRED;


--
-- TOC entry 3455 (class 2606 OID 49173)
-- Name: Proyect_Agile_rol Proyect_Agile_rol_idProyecto_id_efb8f353_fk_Proyect_A; Type: FK CONSTRAINT; Schema: public; Owner: usuario
--

ALTER TABLE ONLY public."Proyect_Agile_rol"
    ADD CONSTRAINT "Proyect_Agile_rol_idProyecto_id_efb8f353_fk_Proyect_A" FOREIGN KEY ("idProyecto_id") REFERENCES public."Proyect_Agile_proyecto"(id) DEFERRABLE INITIALLY DEFERRED;


--
-- TOC entry 3469 (class 2606 OID 65544)
-- Name: Proyect_Agile_sprint Proyect_Agile_sprint_idproyecto_id_11251261_fk_Proyect_A; Type: FK CONSTRAINT; Schema: public; Owner: usuario
--

ALTER TABLE ONLY public."Proyect_Agile_sprint"
    ADD CONSTRAINT "Proyect_Agile_sprint_idproyecto_id_11251261_fk_Proyect_A" FOREIGN KEY (idproyecto_id) REFERENCES public."Proyect_Agile_proyecto"(id) DEFERRABLE INITIALLY DEFERRED;


--
-- TOC entry 3470 (class 2606 OID 106504)
-- Name: Proyect_Agile_tarea Proyect_Agile_tarea_idUs_id_63c6def7_fk_Proyect_A; Type: FK CONSTRAINT; Schema: public; Owner: usuario
--

ALTER TABLE ONLY public."Proyect_Agile_tarea"
    ADD CONSTRAINT "Proyect_Agile_tarea_idUs_id_63c6def7_fk_Proyect_A" FOREIGN KEY ("idUs_id") REFERENCES public."Proyect_Agile_user_story"(id) DEFERRABLE INITIALLY DEFERRED;


--
-- TOC entry 3468 (class 2606 OID 49178)
-- Name: Proyect_Agile_tipous Proyect_Agile_tipous_idproyecto_id_d72aae61_fk_Proyect_A; Type: FK CONSTRAINT; Schema: public; Owner: usuario
--

ALTER TABLE ONLY public."Proyect_Agile_tipous"
    ADD CONSTRAINT "Proyect_Agile_tipous_idproyecto_id_d72aae61_fk_Proyect_A" FOREIGN KEY (idproyecto_id) REFERENCES public."Proyect_Agile_proyecto"(id) DEFERRABLE INITIALLY DEFERRED;


--
-- TOC entry 3454 (class 2606 OID 106542)
-- Name: Proyect_Agile_user_story Proyect_Agile_user_s_idSprint_id_06d6240d_fk_Proyect_A; Type: FK CONSTRAINT; Schema: public; Owner: usuario
--

ALTER TABLE ONLY public."Proyect_Agile_user_story"
    ADD CONSTRAINT "Proyect_Agile_user_s_idSprint_id_06d6240d_fk_Proyect_A" FOREIGN KEY ("idSprint_id") REFERENCES public."Proyect_Agile_sprint"(id) DEFERRABLE INITIALLY DEFERRED;


--
-- TOC entry 3452 (class 2606 OID 49168)
-- Name: Proyect_Agile_user_story Proyect_Agile_user_s_idproyecto_id_7d0bf53e_fk_Proyect_A; Type: FK CONSTRAINT; Schema: public; Owner: usuario
--

ALTER TABLE ONLY public."Proyect_Agile_user_story"
    ADD CONSTRAINT "Proyect_Agile_user_s_idproyecto_id_7d0bf53e_fk_Proyect_A" FOREIGN KEY (idproyecto_id) REFERENCES public."Proyect_Agile_proyecto"(id) DEFERRABLE INITIALLY DEFERRED;


--
-- TOC entry 3453 (class 2606 OID 106511)
-- Name: Proyect_Agile_user_story Proyect_Agile_user_s_miembroEncargado_id_3337f63c_fk_Proyect_A; Type: FK CONSTRAINT; Schema: public; Owner: usuario
--

ALTER TABLE ONLY public."Proyect_Agile_user_story"
    ADD CONSTRAINT "Proyect_Agile_user_s_miembroEncargado_id_3337f63c_fk_Proyect_A" FOREIGN KEY ("miembroEncargado_id") REFERENCES public."Proyect_Agile_miembro"(id) DEFERRABLE INITIALLY DEFERRED;


--
-- TOC entry 3449 (class 2606 OID 16510)
-- Name: account_emailaddress account_emailaddress_user_id_2c513194_fk_auth_user_id; Type: FK CONSTRAINT; Schema: public; Owner: usuario
--

ALTER TABLE ONLY public.account_emailaddress
    ADD CONSTRAINT account_emailaddress_user_id_2c513194_fk_auth_user_id FOREIGN KEY (user_id) REFERENCES public.auth_user(id) DEFERRABLE INITIALLY DEFERRED;


--
-- TOC entry 3450 (class 2606 OID 16517)
-- Name: account_emailconfirmation account_emailconfirm_email_address_id_5b7f8c58_fk_account_e; Type: FK CONSTRAINT; Schema: public; Owner: usuario
--

ALTER TABLE ONLY public.account_emailconfirmation
    ADD CONSTRAINT account_emailconfirm_email_address_id_5b7f8c58_fk_account_e FOREIGN KEY (email_address_id) REFERENCES public.account_emailaddress(id) DEFERRABLE INITIALLY DEFERRED;


--
-- TOC entry 3444 (class 2606 OID 16458)
-- Name: auth_group_permissions auth_group_permissio_permission_id_84c5c92e_fk_auth_perm; Type: FK CONSTRAINT; Schema: public; Owner: usuario
--

ALTER TABLE ONLY public.auth_group_permissions
    ADD CONSTRAINT auth_group_permissio_permission_id_84c5c92e_fk_auth_perm FOREIGN KEY (permission_id) REFERENCES public.auth_permission(id) DEFERRABLE INITIALLY DEFERRED;


--
-- TOC entry 3443 (class 2606 OID 16453)
-- Name: auth_group_permissions auth_group_permissions_group_id_b120cbf9_fk_auth_group_id; Type: FK CONSTRAINT; Schema: public; Owner: usuario
--

ALTER TABLE ONLY public.auth_group_permissions
    ADD CONSTRAINT auth_group_permissions_group_id_b120cbf9_fk_auth_group_id FOREIGN KEY (group_id) REFERENCES public.auth_group(id) DEFERRABLE INITIALLY DEFERRED;


--
-- TOC entry 3442 (class 2606 OID 16444)
-- Name: auth_permission auth_permission_content_type_id_2f476e4b_fk_django_co; Type: FK CONSTRAINT; Schema: public; Owner: usuario
--

ALTER TABLE ONLY public.auth_permission
    ADD CONSTRAINT auth_permission_content_type_id_2f476e4b_fk_django_co FOREIGN KEY (content_type_id) REFERENCES public.django_content_type(id) DEFERRABLE INITIALLY DEFERRED;


--
-- TOC entry 3446 (class 2606 OID 16473)
-- Name: auth_user_groups auth_user_groups_group_id_97559544_fk_auth_group_id; Type: FK CONSTRAINT; Schema: public; Owner: usuario
--

ALTER TABLE ONLY public.auth_user_groups
    ADD CONSTRAINT auth_user_groups_group_id_97559544_fk_auth_group_id FOREIGN KEY (group_id) REFERENCES public.auth_group(id) DEFERRABLE INITIALLY DEFERRED;


--
-- TOC entry 3445 (class 2606 OID 16468)
-- Name: auth_user_groups auth_user_groups_user_id_6a12ed8b_fk_auth_user_id; Type: FK CONSTRAINT; Schema: public; Owner: usuario
--

ALTER TABLE ONLY public.auth_user_groups
    ADD CONSTRAINT auth_user_groups_user_id_6a12ed8b_fk_auth_user_id FOREIGN KEY (user_id) REFERENCES public.auth_user(id) DEFERRABLE INITIALLY DEFERRED;


--
-- TOC entry 3448 (class 2606 OID 16487)
-- Name: auth_user_user_permissions auth_user_user_permi_permission_id_1fbb5f2c_fk_auth_perm; Type: FK CONSTRAINT; Schema: public; Owner: usuario
--

ALTER TABLE ONLY public.auth_user_user_permissions
    ADD CONSTRAINT auth_user_user_permi_permission_id_1fbb5f2c_fk_auth_perm FOREIGN KEY (permission_id) REFERENCES public.auth_permission(id) DEFERRABLE INITIALLY DEFERRED;


--
-- TOC entry 3447 (class 2606 OID 16482)
-- Name: auth_user_user_permissions auth_user_user_permissions_user_id_a95ead1b_fk_auth_user_id; Type: FK CONSTRAINT; Schema: public; Owner: usuario
--

ALTER TABLE ONLY public.auth_user_user_permissions
    ADD CONSTRAINT auth_user_user_permissions_user_id_a95ead1b_fk_auth_user_id FOREIGN KEY (user_id) REFERENCES public.auth_user(id) DEFERRABLE INITIALLY DEFERRED;


--
-- TOC entry 3461 (class 2606 OID 16693)
-- Name: django_admin_log django_admin_log_content_type_id_c4bce8eb_fk_django_co; Type: FK CONSTRAINT; Schema: public; Owner: usuario
--

ALTER TABLE ONLY public.django_admin_log
    ADD CONSTRAINT django_admin_log_content_type_id_c4bce8eb_fk_django_co FOREIGN KEY (content_type_id) REFERENCES public.django_content_type(id) DEFERRABLE INITIALLY DEFERRED;


--
-- TOC entry 3462 (class 2606 OID 16698)
-- Name: django_admin_log django_admin_log_user_id_c564eba6_fk_auth_user_id; Type: FK CONSTRAINT; Schema: public; Owner: usuario
--

ALTER TABLE ONLY public.django_admin_log
    ADD CONSTRAINT django_admin_log_user_id_c564eba6_fk_auth_user_id FOREIGN KEY (user_id) REFERENCES public.auth_user(id) DEFERRABLE INITIALLY DEFERRED;


--
-- TOC entry 3466 (class 2606 OID 16783)
-- Name: socialaccount_socialtoken socialaccount_social_account_id_951f210e_fk_socialacc; Type: FK CONSTRAINT; Schema: public; Owner: usuario
--

ALTER TABLE ONLY public.socialaccount_socialtoken
    ADD CONSTRAINT socialaccount_social_account_id_951f210e_fk_socialacc FOREIGN KEY (account_id) REFERENCES public.socialaccount_socialaccount(id) DEFERRABLE INITIALLY DEFERRED;


--
-- TOC entry 3467 (class 2606 OID 16788)
-- Name: socialaccount_socialtoken socialaccount_social_app_id_636a42d7_fk_socialacc; Type: FK CONSTRAINT; Schema: public; Owner: usuario
--

ALTER TABLE ONLY public.socialaccount_socialtoken
    ADD CONSTRAINT socialaccount_social_app_id_636a42d7_fk_socialacc FOREIGN KEY (app_id) REFERENCES public.socialaccount_socialapp(id) DEFERRABLE INITIALLY DEFERRED;


--
-- TOC entry 3465 (class 2606 OID 16776)
-- Name: socialaccount_socialapp_sites socialaccount_social_site_id_2579dee5_fk_django_si; Type: FK CONSTRAINT; Schema: public; Owner: usuario
--

ALTER TABLE ONLY public.socialaccount_socialapp_sites
    ADD CONSTRAINT socialaccount_social_site_id_2579dee5_fk_django_si FOREIGN KEY (site_id) REFERENCES public.django_site(id) DEFERRABLE INITIALLY DEFERRED;


--
-- TOC entry 3464 (class 2606 OID 16771)
-- Name: socialaccount_socialapp_sites socialaccount_social_socialapp_id_97fb6e7d_fk_socialacc; Type: FK CONSTRAINT; Schema: public; Owner: usuario
--

ALTER TABLE ONLY public.socialaccount_socialapp_sites
    ADD CONSTRAINT socialaccount_social_socialapp_id_97fb6e7d_fk_socialacc FOREIGN KEY (socialapp_id) REFERENCES public.socialaccount_socialapp(id) DEFERRABLE INITIALLY DEFERRED;


--
-- TOC entry 3463 (class 2606 OID 16763)
-- Name: socialaccount_socialaccount socialaccount_socialaccount_user_id_8146e70c_fk_auth_user_id; Type: FK CONSTRAINT; Schema: public; Owner: usuario
--

ALTER TABLE ONLY public.socialaccount_socialaccount
    ADD CONSTRAINT socialaccount_socialaccount_user_id_8146e70c_fk_auth_user_id FOREIGN KEY (user_id) REFERENCES public.auth_user(id) DEFERRABLE INITIALLY DEFERRED;


-- Completed on 2022-11-24 18:17:05 -03

--
-- PostgreSQL database dump complete
--

