--
-- PostgreSQL database dump
--

-- Dumped from database version 14.5 (Ubuntu 14.5-0ubuntu0.22.04.1)
-- Dumped by pg_dump version 14.5 (Ubuntu 14.5-0ubuntu0.22.04.1)

SET statement_timeout = 0;
SET lock_timeout = 0;
SET idle_in_transaction_session_timeout = 0;
SET client_encoding = 'UTF8';
SET standard_conforming_strings = on;
SELECT pg_catalog.set_config('search_path', '', false);
SET check_function_bodies = false;
SET xmloption = content;
SET client_min_messages = warning;
SET row_security = off;

SET default_tablespace = '';

SET default_table_access_method = heap;

--
-- Name: Proyect_Agile_miembro; Type: TABLE; Schema: public; Owner: usuario
--

CREATE TABLE public."Proyect_Agile_miembro" (
    id bigint NOT NULL,
    cargahoraria integer NOT NULL,
    "isActivo" boolean NOT NULL,
    idproyecto_id bigint,
    idrol_id bigint,
    usuario_id integer,
    "horasDisponibles" integer
);


ALTER TABLE public."Proyect_Agile_miembro" OWNER TO usuario;

--
-- Name: Proyect_Agile_miembro_id_seq; Type: SEQUENCE; Schema: public; Owner: usuario
--

ALTER TABLE public."Proyect_Agile_miembro" ALTER COLUMN id ADD GENERATED BY DEFAULT AS IDENTITY (
    SEQUENCE NAME public."Proyect_Agile_miembro_id_seq"
    START WITH 1
    INCREMENT BY 1
    NO MINVALUE
    NO MAXVALUE
    CACHE 1
);


--
-- Name: Proyect_Agile_planningpoker; Type: TABLE; Schema: public; Owner: usuario
--

CREATE TABLE public."Proyect_Agile_planningpoker" (
    id bigint NOT NULL,
    "estimacionSM" double precision NOT NULL,
    "estimacionEncargado" double precision,
    "estimacionFinal" double precision,
    prioridad integer NOT NULL,
    estado character varying(4) NOT NULL,
    "idSprint_id" bigint NOT NULL,
    "idUs_id" bigint NOT NULL,
    "miembroEncargado_id" bigint NOT NULL
);


ALTER TABLE public."Proyect_Agile_planningpoker" OWNER TO usuario;

--
-- Name: Proyect_Agile_planningpoker_id_seq; Type: SEQUENCE; Schema: public; Owner: usuario
--

ALTER TABLE public."Proyect_Agile_planningpoker" ALTER COLUMN id ADD GENERATED BY DEFAULT AS IDENTITY (
    SEQUENCE NAME public."Proyect_Agile_planningpoker_id_seq"
    START WITH 1
    INCREMENT BY 1
    NO MINVALUE
    NO MAXVALUE
    CACHE 1
);


--
-- Name: Proyect_Agile_proyecto; Type: TABLE; Schema: public; Owner: usuario
--

CREATE TABLE public."Proyect_Agile_proyecto" (
    id bigint NOT NULL,
    nombre character varying(200) NOT NULL,
    descripcion text,
    fechainicio date NOT NULL,
    fechafin date NOT NULL,
    estado character varying(1) NOT NULL,
    "scrumMaster_id" integer NOT NULL
);


ALTER TABLE public."Proyect_Agile_proyecto" OWNER TO usuario;

--
-- Name: Proyect_Agile_proyecto_id_seq; Type: SEQUENCE; Schema: public; Owner: usuario
--

ALTER TABLE public."Proyect_Agile_proyecto" ALTER COLUMN id ADD GENERATED BY DEFAULT AS IDENTITY (
    SEQUENCE NAME public."Proyect_Agile_proyecto_id_seq"
    START WITH 1
    INCREMENT BY 1
    NO MINVALUE
    NO MAXVALUE
    CACHE 1
);


--
-- Name: Proyect_Agile_proyecto_miembros; Type: TABLE; Schema: public; Owner: usuario
--

CREATE TABLE public."Proyect_Agile_proyecto_miembros" (
    id bigint NOT NULL,
    proyecto_id bigint NOT NULL,
    miembro_id bigint NOT NULL
);


ALTER TABLE public."Proyect_Agile_proyecto_miembros" OWNER TO usuario;

--
-- Name: Proyect_Agile_proyecto_miembros_id_seq; Type: SEQUENCE; Schema: public; Owner: usuario
--

ALTER TABLE public."Proyect_Agile_proyecto_miembros" ALTER COLUMN id ADD GENERATED BY DEFAULT AS IDENTITY (
    SEQUENCE NAME public."Proyect_Agile_proyecto_miembros_id_seq"
    START WITH 1
    INCREMENT BY 1
    NO MINVALUE
    NO MAXVALUE
    CACHE 1
);


--
-- Name: Proyect_Agile_rol; Type: TABLE; Schema: public; Owner: usuario
--

CREATE TABLE public."Proyect_Agile_rol" (
    id bigint NOT NULL,
    nombre character varying(250) NOT NULL,
    descripcion text,
    "agregarUserStory" boolean NOT NULL,
    "eliminarUserStory" boolean NOT NULL,
    "modificarUserStory" boolean NOT NULL,
    "agregarMiembro" boolean NOT NULL,
    "modificarMiembro" boolean NOT NULL,
    "eliminarMiembro" boolean NOT NULL,
    "crearRol" boolean NOT NULL,
    "modificarRol" boolean NOT NULL,
    "eliminarRol" boolean NOT NULL,
    "crearSprint" boolean NOT NULL,
    "empezarSprint" boolean NOT NULL,
    "finalizarSprint" boolean NOT NULL,
    "agregarSprintBacklog" boolean NOT NULL,
    "modificarSprintBacklog" boolean NOT NULL,
    "idProyecto_id" bigint
);


ALTER TABLE public."Proyect_Agile_rol" OWNER TO usuario;

--
-- Name: Proyect_Agile_rol_id_seq; Type: SEQUENCE; Schema: public; Owner: usuario
--

ALTER TABLE public."Proyect_Agile_rol" ALTER COLUMN id ADD GENERATED BY DEFAULT AS IDENTITY (
    SEQUENCE NAME public."Proyect_Agile_rol_id_seq"
    START WITH 1
    INCREMENT BY 1
    NO MINVALUE
    NO MAXVALUE
    CACHE 1
);


--
-- Name: Proyect_Agile_sprint; Type: TABLE; Schema: public; Owner: usuario
--

CREATE TABLE public."Proyect_Agile_sprint" (
    id bigint NOT NULL,
    nombre character varying(200) NOT NULL,
    fechainicio date NOT NULL,
    fechafin date NOT NULL,
    estado character varying(1) NOT NULL,
    idproyecto_id bigint NOT NULL,
    numero integer
);


ALTER TABLE public."Proyect_Agile_sprint" OWNER TO usuario;

--
-- Name: Proyect_Agile_sprint_id_seq; Type: SEQUENCE; Schema: public; Owner: usuario
--

ALTER TABLE public."Proyect_Agile_sprint" ALTER COLUMN id ADD GENERATED BY DEFAULT AS IDENTITY (
    SEQUENCE NAME public."Proyect_Agile_sprint_id_seq"
    START WITH 1
    INCREMENT BY 1
    NO MINVALUE
    NO MAXVALUE
    CACHE 1
);


--
-- Name: Proyect_Agile_tarea; Type: TABLE; Schema: public; Owner: usuario
--

CREATE TABLE public."Proyect_Agile_tarea" (
    id bigint NOT NULL,
    nombre text NOT NULL,
    "idUs_id" bigint NOT NULL,
    duracion integer NOT NULL
);


ALTER TABLE public."Proyect_Agile_tarea" OWNER TO usuario;

--
-- Name: Proyect_Agile_tarea_id_seq; Type: SEQUENCE; Schema: public; Owner: usuario
--

ALTER TABLE public."Proyect_Agile_tarea" ALTER COLUMN id ADD GENERATED BY DEFAULT AS IDENTITY (
    SEQUENCE NAME public."Proyect_Agile_tarea_id_seq"
    START WITH 1
    INCREMENT BY 1
    NO MINVALUE
    NO MAXVALUE
    CACHE 1
);


--
-- Name: Proyect_Agile_tipous; Type: TABLE; Schema: public; Owner: usuario
--

CREATE TABLE public."Proyect_Agile_tipous" (
    id bigint NOT NULL,
    nombre character varying(100) NOT NULL,
    estado text NOT NULL,
    idproyecto_id bigint
);


ALTER TABLE public."Proyect_Agile_tipous" OWNER TO usuario;

--
-- Name: Proyect_Agile_tipous_id_seq; Type: SEQUENCE; Schema: public; Owner: usuario
--

ALTER TABLE public."Proyect_Agile_tipous" ALTER COLUMN id ADD GENERATED BY DEFAULT AS IDENTITY (
    SEQUENCE NAME public."Proyect_Agile_tipous_id_seq"
    START WITH 1
    INCREMENT BY 1
    NO MINVALUE
    NO MAXVALUE
    CACHE 1
);


--
-- Name: Proyect_Agile_user_story; Type: TABLE; Schema: public; Owner: usuario
--

CREATE TABLE public."Proyect_Agile_user_story" (
    id bigint NOT NULL,
    nombre character varying(200) NOT NULL,
    descripcion text NOT NULL,
    comentarios text NOT NULL,
    historial text NOT NULL,
    estado character varying(30) NOT NULL,
    tipo_id bigint NOT NULL,
    idproyecto_id bigint,
    "BV" integer,
    "UP" integer,
    "miembroEncargado_id" bigint,
    prioridad double precision,
    estimacion double precision,
    "idSprint_id" bigint
);


ALTER TABLE public."Proyect_Agile_user_story" OWNER TO usuario;

--
-- Name: Proyect_Agile_user_story_id_seq; Type: SEQUENCE; Schema: public; Owner: usuario
--

ALTER TABLE public."Proyect_Agile_user_story" ALTER COLUMN id ADD GENERATED BY DEFAULT AS IDENTITY (
    SEQUENCE NAME public."Proyect_Agile_user_story_id_seq"
    START WITH 1
    INCREMENT BY 1
    NO MINVALUE
    NO MAXVALUE
    CACHE 1
);


--
-- Name: account_emailaddress; Type: TABLE; Schema: public; Owner: usuario
--

CREATE TABLE public.account_emailaddress (
    id integer NOT NULL,
    email character varying(254) NOT NULL,
    verified boolean NOT NULL,
    "primary" boolean NOT NULL,
    user_id integer NOT NULL
);


ALTER TABLE public.account_emailaddress OWNER TO usuario;

--
-- Name: account_emailaddress_id_seq; Type: SEQUENCE; Schema: public; Owner: usuario
--

ALTER TABLE public.account_emailaddress ALTER COLUMN id ADD GENERATED BY DEFAULT AS IDENTITY (
    SEQUENCE NAME public.account_emailaddress_id_seq
    START WITH 1
    INCREMENT BY 1
    NO MINVALUE
    NO MAXVALUE
    CACHE 1
);


--
-- Name: account_emailconfirmation; Type: TABLE; Schema: public; Owner: usuario
--

CREATE TABLE public.account_emailconfirmation (
    id integer NOT NULL,
    created timestamp with time zone NOT NULL,
    sent timestamp with time zone,
    key character varying(64) NOT NULL,
    email_address_id integer NOT NULL
);


ALTER TABLE public.account_emailconfirmation OWNER TO usuario;

--
-- Name: account_emailconfirmation_id_seq; Type: SEQUENCE; Schema: public; Owner: usuario
--

ALTER TABLE public.account_emailconfirmation ALTER COLUMN id ADD GENERATED BY DEFAULT AS IDENTITY (
    SEQUENCE NAME public.account_emailconfirmation_id_seq
    START WITH 1
    INCREMENT BY 1
    NO MINVALUE
    NO MAXVALUE
    CACHE 1
);


--
-- Name: auth_group; Type: TABLE; Schema: public; Owner: usuario
--

CREATE TABLE public.auth_group (
    id integer NOT NULL,
    name character varying(150) NOT NULL
);


ALTER TABLE public.auth_group OWNER TO usuario;

--
-- Name: auth_group_id_seq; Type: SEQUENCE; Schema: public; Owner: usuario
--

ALTER TABLE public.auth_group ALTER COLUMN id ADD GENERATED BY DEFAULT AS IDENTITY (
    SEQUENCE NAME public.auth_group_id_seq
    START WITH 1
    INCREMENT BY 1
    NO MINVALUE
    NO MAXVALUE
    CACHE 1
);


--
-- Name: auth_group_permissions; Type: TABLE; Schema: public; Owner: usuario
--

CREATE TABLE public.auth_group_permissions (
    id bigint NOT NULL,
    group_id integer NOT NULL,
    permission_id integer NOT NULL
);


ALTER TABLE public.auth_group_permissions OWNER TO usuario;

--
-- Name: auth_group_permissions_id_seq; Type: SEQUENCE; Schema: public; Owner: usuario
--

ALTER TABLE public.auth_group_permissions ALTER COLUMN id ADD GENERATED BY DEFAULT AS IDENTITY (
    SEQUENCE NAME public.auth_group_permissions_id_seq
    START WITH 1
    INCREMENT BY 1
    NO MINVALUE
    NO MAXVALUE
    CACHE 1
);


--
-- Name: auth_permission; Type: TABLE; Schema: public; Owner: usuario
--

CREATE TABLE public.auth_permission (
    id integer NOT NULL,
    name character varying(255) NOT NULL,
    content_type_id integer NOT NULL,
    codename character varying(100) NOT NULL
);


ALTER TABLE public.auth_permission OWNER TO usuario;

--
-- Name: auth_permission_id_seq; Type: SEQUENCE; Schema: public; Owner: usuario
--

ALTER TABLE public.auth_permission ALTER COLUMN id ADD GENERATED BY DEFAULT AS IDENTITY (
    SEQUENCE NAME public.auth_permission_id_seq
    START WITH 1
    INCREMENT BY 1
    NO MINVALUE
    NO MAXVALUE
    CACHE 1
);


--
-- Name: auth_user; Type: TABLE; Schema: public; Owner: usuario
--

CREATE TABLE public.auth_user (
    id integer NOT NULL,
    password character varying(128) NOT NULL,
    last_login timestamp with time zone,
    is_superuser boolean NOT NULL,
    username character varying(150) NOT NULL,
    first_name character varying(150) NOT NULL,
    last_name character varying(150) NOT NULL,
    email character varying(254) NOT NULL,
    is_staff boolean NOT NULL,
    is_active boolean NOT NULL,
    date_joined timestamp with time zone NOT NULL
);


ALTER TABLE public.auth_user OWNER TO usuario;

--
-- Name: auth_user_groups; Type: TABLE; Schema: public; Owner: usuario
--

CREATE TABLE public.auth_user_groups (
    id bigint NOT NULL,
    user_id integer NOT NULL,
    group_id integer NOT NULL
);


ALTER TABLE public.auth_user_groups OWNER TO usuario;

--
-- Name: auth_user_groups_id_seq; Type: SEQUENCE; Schema: public; Owner: usuario
--

ALTER TABLE public.auth_user_groups ALTER COLUMN id ADD GENERATED BY DEFAULT AS IDENTITY (
    SEQUENCE NAME public.auth_user_groups_id_seq
    START WITH 1
    INCREMENT BY 1
    NO MINVALUE
    NO MAXVALUE
    CACHE 1
);


--
-- Name: auth_user_id_seq; Type: SEQUENCE; Schema: public; Owner: usuario
--

ALTER TABLE public.auth_user ALTER COLUMN id ADD GENERATED BY DEFAULT AS IDENTITY (
    SEQUENCE NAME public.auth_user_id_seq
    START WITH 1
    INCREMENT BY 1
    NO MINVALUE
    NO MAXVALUE
    CACHE 1
);


--
-- Name: auth_user_user_permissions; Type: TABLE; Schema: public; Owner: usuario
--

CREATE TABLE public.auth_user_user_permissions (
    id bigint NOT NULL,
    user_id integer NOT NULL,
    permission_id integer NOT NULL
);


ALTER TABLE public.auth_user_user_permissions OWNER TO usuario;

--
-- Name: auth_user_user_permissions_id_seq; Type: SEQUENCE; Schema: public; Owner: usuario
--

ALTER TABLE public.auth_user_user_permissions ALTER COLUMN id ADD GENERATED BY DEFAULT AS IDENTITY (
    SEQUENCE NAME public.auth_user_user_permissions_id_seq
    START WITH 1
    INCREMENT BY 1
    NO MINVALUE
    NO MAXVALUE
    CACHE 1
);


--
-- Name: django_admin_log; Type: TABLE; Schema: public; Owner: usuario
--

CREATE TABLE public.django_admin_log (
    id integer NOT NULL,
    action_time timestamp with time zone NOT NULL,
    object_id text,
    object_repr character varying(200) NOT NULL,
    action_flag smallint NOT NULL,
    change_message text NOT NULL,
    content_type_id integer,
    user_id integer NOT NULL,
    CONSTRAINT django_admin_log_action_flag_check CHECK ((action_flag >= 0))
);


ALTER TABLE public.django_admin_log OWNER TO usuario;

--
-- Name: django_admin_log_id_seq; Type: SEQUENCE; Schema: public; Owner: usuario
--

ALTER TABLE public.django_admin_log ALTER COLUMN id ADD GENERATED BY DEFAULT AS IDENTITY (
    SEQUENCE NAME public.django_admin_log_id_seq
    START WITH 1
    INCREMENT BY 1
    NO MINVALUE
    NO MAXVALUE
    CACHE 1
);


--
-- Name: django_content_type; Type: TABLE; Schema: public; Owner: usuario
--

CREATE TABLE public.django_content_type (
    id integer NOT NULL,
    app_label character varying(100) NOT NULL,
    model character varying(100) NOT NULL
);


ALTER TABLE public.django_content_type OWNER TO usuario;

--
-- Name: django_content_type_id_seq; Type: SEQUENCE; Schema: public; Owner: usuario
--

ALTER TABLE public.django_content_type ALTER COLUMN id ADD GENERATED BY DEFAULT AS IDENTITY (
    SEQUENCE NAME public.django_content_type_id_seq
    START WITH 1
    INCREMENT BY 1
    NO MINVALUE
    NO MAXVALUE
    CACHE 1
);


--
-- Name: django_migrations; Type: TABLE; Schema: public; Owner: usuario
--

CREATE TABLE public.django_migrations (
    id bigint NOT NULL,
    app character varying(255) NOT NULL,
    name character varying(255) NOT NULL,
    applied timestamp with time zone NOT NULL
);


ALTER TABLE public.django_migrations OWNER TO usuario;

--
-- Name: django_migrations_id_seq; Type: SEQUENCE; Schema: public; Owner: usuario
--

ALTER TABLE public.django_migrations ALTER COLUMN id ADD GENERATED BY DEFAULT AS IDENTITY (
    SEQUENCE NAME public.django_migrations_id_seq
    START WITH 1
    INCREMENT BY 1
    NO MINVALUE
    NO MAXVALUE
    CACHE 1
);


--
-- Name: django_session; Type: TABLE; Schema: public; Owner: usuario
--

CREATE TABLE public.django_session (
    session_key character varying(40) NOT NULL,
    session_data text NOT NULL,
    expire_date timestamp with time zone NOT NULL
);


ALTER TABLE public.django_session OWNER TO usuario;

--
-- Name: django_site; Type: TABLE; Schema: public; Owner: usuario
--

CREATE TABLE public.django_site (
    id integer NOT NULL,
    domain character varying(100) NOT NULL,
    name character varying(50) NOT NULL
);


ALTER TABLE public.django_site OWNER TO usuario;

--
-- Name: django_site_id_seq; Type: SEQUENCE; Schema: public; Owner: usuario
--

ALTER TABLE public.django_site ALTER COLUMN id ADD GENERATED BY DEFAULT AS IDENTITY (
    SEQUENCE NAME public.django_site_id_seq
    START WITH 1
    INCREMENT BY 1
    NO MINVALUE
    NO MAXVALUE
    CACHE 1
);


--
-- Name: socialaccount_socialaccount; Type: TABLE; Schema: public; Owner: usuario
--

CREATE TABLE public.socialaccount_socialaccount (
    id integer NOT NULL,
    provider character varying(30) NOT NULL,
    uid character varying(191) NOT NULL,
    last_login timestamp with time zone NOT NULL,
    date_joined timestamp with time zone NOT NULL,
    extra_data text NOT NULL,
    user_id integer NOT NULL
);


ALTER TABLE public.socialaccount_socialaccount OWNER TO usuario;

--
-- Name: socialaccount_socialaccount_id_seq; Type: SEQUENCE; Schema: public; Owner: usuario
--

ALTER TABLE public.socialaccount_socialaccount ALTER COLUMN id ADD GENERATED BY DEFAULT AS IDENTITY (
    SEQUENCE NAME public.socialaccount_socialaccount_id_seq
    START WITH 1
    INCREMENT BY 1
    NO MINVALUE
    NO MAXVALUE
    CACHE 1
);


--
-- Name: socialaccount_socialapp; Type: TABLE; Schema: public; Owner: usuario
--

CREATE TABLE public.socialaccount_socialapp (
    id integer NOT NULL,
    provider character varying(30) NOT NULL,
    name character varying(40) NOT NULL,
    client_id character varying(191) NOT NULL,
    secret character varying(191) NOT NULL,
    key character varying(191) NOT NULL
);


ALTER TABLE public.socialaccount_socialapp OWNER TO usuario;

--
-- Name: socialaccount_socialapp_id_seq; Type: SEQUENCE; Schema: public; Owner: usuario
--

ALTER TABLE public.socialaccount_socialapp ALTER COLUMN id ADD GENERATED BY DEFAULT AS IDENTITY (
    SEQUENCE NAME public.socialaccount_socialapp_id_seq
    START WITH 1
    INCREMENT BY 1
    NO MINVALUE
    NO MAXVALUE
    CACHE 1
);


--
-- Name: socialaccount_socialapp_sites; Type: TABLE; Schema: public; Owner: usuario
--

CREATE TABLE public.socialaccount_socialapp_sites (
    id bigint NOT NULL,
    socialapp_id integer NOT NULL,
    site_id integer NOT NULL
);


ALTER TABLE public.socialaccount_socialapp_sites OWNER TO usuario;

--
-- Name: socialaccount_socialapp_sites_id_seq; Type: SEQUENCE; Schema: public; Owner: usuario
--

ALTER TABLE public.socialaccount_socialapp_sites ALTER COLUMN id ADD GENERATED BY DEFAULT AS IDENTITY (
    SEQUENCE NAME public.socialaccount_socialapp_sites_id_seq
    START WITH 1
    INCREMENT BY 1
    NO MINVALUE
    NO MAXVALUE
    CACHE 1
);


--
-- Name: socialaccount_socialtoken; Type: TABLE; Schema: public; Owner: usuario
--

CREATE TABLE public.socialaccount_socialtoken (
    id integer NOT NULL,
    token text NOT NULL,
    token_secret text NOT NULL,
    expires_at timestamp with time zone,
    account_id integer NOT NULL,
    app_id integer NOT NULL
);


ALTER TABLE public.socialaccount_socialtoken OWNER TO usuario;

--
-- Name: socialaccount_socialtoken_id_seq; Type: SEQUENCE; Schema: public; Owner: usuario
--

ALTER TABLE public.socialaccount_socialtoken ALTER COLUMN id ADD GENERATED BY DEFAULT AS IDENTITY (
    SEQUENCE NAME public.socialaccount_socialtoken_id_seq
    START WITH 1
    INCREMENT BY 1
    NO MINVALUE
    NO MAXVALUE
    CACHE 1
);


--
-- Data for Name: Proyect_Agile_miembro; Type: TABLE DATA; Schema: public; Owner: usuario
--

COPY public."Proyect_Agile_miembro" (id, cargahoraria, "isActivo", idproyecto_id, idrol_id, usuario_id, "horasDisponibles") FROM stdin;
\.


--
-- Data for Name: Proyect_Agile_planningpoker; Type: TABLE DATA; Schema: public; Owner: usuario
--

COPY public."Proyect_Agile_planningpoker" (id, "estimacionSM", "estimacionEncargado", "estimacionFinal", prioridad, estado, "idSprint_id", "idUs_id", "miembroEncargado_id") FROM stdin;
\.


--
-- Data for Name: Proyect_Agile_proyecto; Type: TABLE DATA; Schema: public; Owner: usuario
--

COPY public."Proyect_Agile_proyecto" (id, nombre, descripcion, fechainicio, fechafin, estado, "scrumMaster_id") FROM stdin;
\.


--
-- Data for Name: Proyect_Agile_proyecto_miembros; Type: TABLE DATA; Schema: public; Owner: usuario
--

COPY public."Proyect_Agile_proyecto_miembros" (id, proyecto_id, miembro_id) FROM stdin;
\.


--
-- Data for Name: Proyect_Agile_rol; Type: TABLE DATA; Schema: public; Owner: usuario
--

COPY public."Proyect_Agile_rol" (id, nombre, descripcion, "agregarUserStory", "eliminarUserStory", "modificarUserStory", "agregarMiembro", "modificarMiembro", "eliminarMiembro", "crearRol", "modificarRol", "eliminarRol", "crearSprint", "empezarSprint", "finalizarSprint", "agregarSprintBacklog", "modificarSprintBacklog", "idProyecto_id") FROM stdin;
1	admin	\N	f	f	f	f	f	f	f	f	f	f	f	f	f	f	\N
\.


--
-- Data for Name: Proyect_Agile_sprint; Type: TABLE DATA; Schema: public; Owner: usuario
--

COPY public."Proyect_Agile_sprint" (id, nombre, fechainicio, fechafin, estado, idproyecto_id, numero) FROM stdin;
\.


--
-- Data for Name: Proyect_Agile_tarea; Type: TABLE DATA; Schema: public; Owner: usuario
--

COPY public."Proyect_Agile_tarea" (id, nombre, "idUs_id", duracion) FROM stdin;
\.


--
-- Data for Name: Proyect_Agile_tipous; Type: TABLE DATA; Schema: public; Owner: usuario
--

COPY public."Proyect_Agile_tipous" (id, nombre, estado, idproyecto_id) FROM stdin;
\.


--
-- Data for Name: Proyect_Agile_user_story; Type: TABLE DATA; Schema: public; Owner: usuario
--

COPY public."Proyect_Agile_user_story" (id, nombre, descripcion, comentarios, historial, estado, tipo_id, idproyecto_id, "BV", "UP", "miembroEncargado_id", prioridad, estimacion, "idSprint_id") FROM stdin;
\.


--
-- Data for Name: account_emailaddress; Type: TABLE DATA; Schema: public; Owner: usuario
--

COPY public.account_emailaddress (id, email, verified, "primary", user_id) FROM stdin;
1	alexword1893@fpuna.edu.py	t	t	2
\.


--
-- Data for Name: account_emailconfirmation; Type: TABLE DATA; Schema: public; Owner: usuario
--

COPY public.account_emailconfirmation (id, created, sent, key, email_address_id) FROM stdin;
\.


--
-- Data for Name: auth_group; Type: TABLE DATA; Schema: public; Owner: usuario
--

COPY public.auth_group (id, name) FROM stdin;
1	Administrador
\.


--
-- Data for Name: auth_group_permissions; Type: TABLE DATA; Schema: public; Owner: usuario
--

COPY public.auth_group_permissions (id, group_id, permission_id) FROM stdin;
\.


--
-- Data for Name: auth_permission; Type: TABLE DATA; Schema: public; Owner: usuario
--

COPY public.auth_permission (id, name, content_type_id, codename) FROM stdin;
1	Can add log entry	1	add_logentry
2	Can change log entry	1	change_logentry
3	Can delete log entry	1	delete_logentry
4	Can view log entry	1	view_logentry
5	Can add permission	2	add_permission
6	Can change permission	2	change_permission
7	Can delete permission	2	delete_permission
8	Can view permission	2	view_permission
9	Can add group	3	add_group
10	Can change group	3	change_group
11	Can delete group	3	delete_group
12	Can view group	3	view_group
13	Can add user	4	add_user
14	Can change user	4	change_user
15	Can delete user	4	delete_user
16	Can view user	4	view_user
17	Can add content type	5	add_contenttype
18	Can change content type	5	change_contenttype
19	Can delete content type	5	delete_contenttype
20	Can view content type	5	view_contenttype
21	Can add session	6	add_session
22	Can change session	6	change_session
23	Can delete session	6	delete_session
24	Can view session	6	view_session
25	Can add miembro	7	add_miembro
26	Can change miembro	7	change_miembro
27	Can delete miembro	7	delete_miembro
28	Can view miembro	7	view_miembro
29	Can add proyecto	8	add_proyecto
30	Can change proyecto	8	change_proyecto
31	Can delete proyecto	8	delete_proyecto
32	Can view proyecto	8	view_proyecto
33	Can add tipo us	9	add_tipous
34	Can change tipo us	9	change_tipous
35	Can delete tipo us	9	delete_tipous
36	Can view tipo us	9	view_tipous
37	Can add user_ story	10	add_user_story
38	Can change user_ story	10	change_user_story
39	Can delete user_ story	10	delete_user_story
40	Can view user_ story	10	view_user_story
41	Can add rol	11	add_rol
42	Can change rol	11	change_rol
43	Can delete rol	11	delete_rol
44	Can view rol	11	view_rol
45	Can add sprint	12	add_sprint
46	Can change sprint	12	change_sprint
47	Can delete sprint	12	delete_sprint
48	Can view sprint	12	view_sprint
49	Can add tarea	13	add_tarea
50	Can change tarea	13	change_tarea
51	Can delete tarea	13	delete_tarea
52	Can view tarea	13	view_tarea
53	Can add site	14	add_site
54	Can change site	14	change_site
55	Can delete site	14	delete_site
56	Can view site	14	view_site
57	Can add email address	15	add_emailaddress
58	Can change email address	15	change_emailaddress
59	Can delete email address	15	delete_emailaddress
60	Can view email address	15	view_emailaddress
61	Can add email confirmation	16	add_emailconfirmation
62	Can change email confirmation	16	change_emailconfirmation
63	Can delete email confirmation	16	delete_emailconfirmation
64	Can view email confirmation	16	view_emailconfirmation
65	Can add social account	17	add_socialaccount
66	Can change social account	17	change_socialaccount
67	Can delete social account	17	delete_socialaccount
68	Can view social account	17	view_socialaccount
69	Can add social application	18	add_socialapp
70	Can change social application	18	change_socialapp
71	Can delete social application	18	delete_socialapp
72	Can view social application	18	view_socialapp
73	Can add social application token	19	add_socialtoken
74	Can change social application token	19	change_socialtoken
75	Can delete social application token	19	delete_socialtoken
76	Can view social application token	19	view_socialtoken
\.


--
-- Data for Name: auth_user; Type: TABLE DATA; Schema: public; Owner: usuario
--

COPY public.auth_user (id, password, last_login, is_superuser, username, first_name, last_name, email, is_staff, is_active, date_joined) FROM stdin;
1	pbkdf2_sha256$390000$rC8dzX0SLfwXQ6r9SXNLGw$z2UvKobGByvfkTBqx+YoALeVWIAbLxGvBmaniawKadI=	2022-11-25 15:01:02.247406-03	t	prod				t	t	2022-11-25 15:00:41.515074-03
2	!K0TxNVNClq7AhH48UDQzkwzDx2QscLofS8xFJ4x9	2022-12-01 22:46:58.004883-03	f	alejandro_fabian	Alejandro Fabian	Marin Insfran	alexword1893@fpuna.edu.py	f	t	2022-11-25 15:08:47.362982-03
\.


--
-- Data for Name: auth_user_groups; Type: TABLE DATA; Schema: public; Owner: usuario
--

COPY public.auth_user_groups (id, user_id, group_id) FROM stdin;
1	2	1
\.


--
-- Data for Name: auth_user_user_permissions; Type: TABLE DATA; Schema: public; Owner: usuario
--

COPY public.auth_user_user_permissions (id, user_id, permission_id) FROM stdin;
\.


--
-- Data for Name: django_admin_log; Type: TABLE DATA; Schema: public; Owner: usuario
--

COPY public.django_admin_log (id, action_time, object_id, object_repr, action_flag, change_message, content_type_id, user_id) FROM stdin;
1	2022-11-25 15:02:03.880783-03	1	localhost:8080	2	[{"changed": {"fields": ["Domain name", "Display name"]}}]	14	1
2	2022-11-25 15:02:21.907279-03	1	Google SSO	1	[{"added": {}}]	18	1
\.


--
-- Data for Name: django_content_type; Type: TABLE DATA; Schema: public; Owner: usuario
--

COPY public.django_content_type (id, app_label, model) FROM stdin;
1	admin	logentry
2	auth	permission
3	auth	group
4	auth	user
5	contenttypes	contenttype
6	sessions	session
7	Proyect_Agile	miembro
8	Proyect_Agile	proyecto
9	Proyect_Agile	tipous
10	Proyect_Agile	user_story
11	Proyect_Agile	rol
12	Proyect_Agile	sprint
13	Proyect_Agile	tarea
14	sites	site
15	account	emailaddress
16	account	emailconfirmation
17	socialaccount	socialaccount
18	socialaccount	socialapp
19	socialaccount	socialtoken
\.


--
-- Data for Name: django_migrations; Type: TABLE DATA; Schema: public; Owner: usuario
--

COPY public.django_migrations (id, app, name, applied) FROM stdin;
1	contenttypes	0001_initial	2022-11-25 14:23:56.416957-03
2	auth	0001_initial	2022-11-25 14:23:57.300113-03
3	Proyect_Agile	0001_initial	2022-11-25 14:33:21.999111-03
4	Proyect_Agile	0002_alter_user_story_historial	2022-11-25 14:33:22.02856-03
5	Proyect_Agile	0003_sprint_numero	2022-11-25 14:33:22.052236-03
6	Proyect_Agile	0004_remove_sprint_descripcion	2022-11-25 14:33:22.081565-03
7	Proyect_Agile	0005_user_story_encargado_user_story_estimacion_and_more	2022-11-25 14:33:22.396771-03
8	Proyect_Agile	0006_rename_estimacionsm_planningpoker_estimacion_and_more	2022-11-25 14:35:04.913508-03
9	Proyect_Agile	0007_alter_planningpoker_estado_and_more	2022-11-25 14:35:04.949837-03
10	Proyect_Agile	0008_remove_user_story_encargado	2022-11-25 14:35:04.98378-03
11	Proyect_Agile	0009_tarea	2022-11-25 14:35:05.433293-03
12	Proyect_Agile	0010_tarea_estado	2022-11-25 14:35:05.455603-03
13	Proyect_Agile	0011_remove_planningpoker_bv_remove_planningpoker_up_and_more	2022-11-25 14:35:05.633203-03
14	Proyect_Agile	0012_user_story_estimacion_user_story_idsprint_and_more	2022-11-25 14:35:05.743849-03
15	Proyect_Agile	0013_alter_user_story_estimacion	2022-11-25 14:35:05.768149-03
16	Proyect_Agile	0014_miembro_horasdisponibles	2022-11-25 14:35:05.799379-03
17	Proyect_Agile	0015_auto_20221124_0329	2022-11-25 14:35:05.839419-03
18	Proyect_Agile	0016_alter_tipous_estado_alter_user_story_estado	2022-11-25 14:35:05.871376-03
19	account	0001_initial	2022-11-25 14:35:06.281502-03
20	account	0002_email_max_length	2022-11-25 14:35:06.344533-03
21	admin	0001_initial	2022-11-25 14:35:06.578733-03
22	admin	0002_logentry_remove_auto_add	2022-11-25 14:35:06.603568-03
23	admin	0003_logentry_add_action_flag_choices	2022-11-25 14:35:06.634172-03
24	contenttypes	0002_remove_content_type_name	2022-11-25 14:35:06.677893-03
25	auth	0002_alter_permission_name_max_length	2022-11-25 14:35:06.716401-03
26	auth	0003_alter_user_email_max_length	2022-11-25 14:35:06.748489-03
27	auth	0004_alter_user_username_opts	2022-11-25 14:35:06.775354-03
28	auth	0005_alter_user_last_login_null	2022-11-25 14:35:06.806959-03
29	auth	0006_require_contenttypes_0002	2022-11-25 14:35:06.824396-03
30	auth	0007_alter_validators_add_error_messages	2022-11-25 14:35:06.848199-03
31	auth	0008_alter_user_username_max_length	2022-11-25 14:35:06.92393-03
32	auth	0009_alter_user_last_name_max_length	2022-11-25 14:35:06.967856-03
33	auth	0010_alter_group_name_max_length	2022-11-25 14:35:07.000689-03
34	auth	0011_update_proxy_permissions	2022-11-25 14:35:07.031823-03
35	auth	0012_alter_user_first_name_max_length	2022-11-25 14:35:07.059859-03
36	sessions	0001_initial	2022-11-25 14:35:07.305045-03
37	sites	0001_initial	2022-11-25 14:35:07.36691-03
38	sites	0002_alter_domain_unique	2022-11-25 14:35:07.4973-03
39	socialaccount	0001_initial	2022-11-25 14:35:09.295165-03
40	socialaccount	0002_token_max_lengths	2022-11-25 14:35:09.417154-03
41	socialaccount	0003_extra_data_default_dict	2022-11-25 14:35:09.441004-03
\.


--
-- Data for Name: django_session; Type: TABLE DATA; Schema: public; Owner: usuario
--

COPY public.django_session (session_key, session_data, expire_date) FROM stdin;
ydqow68hpkyp7bz1q9a9c7y0le1outwn	.eJxVjMEOgyAQRP-Fc2N0IV301v4IWWA3klJMKvTS9N-rjRePM2_mfRSFsLRS3ZtfSRJHx09KWU2l5XxRjlqdXVv55VJUkwJ16jyFB5cdUM573R267r858NrdtsSlpkA1LeV-vE6qmdZ583AYtRckbcCK6BAZ2feIoofRsPGjxZ1HigAaLcDVajQCg4deIqL6_gCaQUfE:1oyd85:yg88g9ouPcTv_jGS0YPIo4jLbDV3LWr_LNI97_b3h1M	2022-12-09 15:08:49.132382-03
ieikrd1waves7l8jj2oebe5icafmaqdt	.eJxVjMEOwiAQRP-FsyHtQlzwpj9CFlgCsaGJhVPjv1tMD3qc92ZmF456y65v_HIlipsAcfllnsKT6xC0LANLCmHttclv59SbvB-JayuBWlnr41z9XWXa8vHDwSqfkJQGk5IKkZH9hJjUbDVrbw0OHykCKDQAV6NQJ5g9TCkiivcH09s8Xg:1p0v8k:NBifvNRts9CMPE7Fw1gErW3Z3oMj7XsgKLyOVskcWTk	2022-12-15 22:46:58.018789-03
\.


--
-- Data for Name: django_site; Type: TABLE DATA; Schema: public; Owner: usuario
--

COPY public.django_site (id, domain, name) FROM stdin;
1	localhost:8080	localhost
\.


--
-- Data for Name: socialaccount_socialaccount; Type: TABLE DATA; Schema: public; Owner: usuario
--

COPY public.socialaccount_socialaccount (id, provider, uid, last_login, date_joined, extra_data, user_id) FROM stdin;
1	google	104440558696797218663	2022-12-01 22:46:57.990081-03	2022-11-25 15:08:48.447618-03	{"id": "104440558696797218663", "email": "alexword1893@fpuna.edu.py", "verified_email": true, "name": "Alejandro Fabian Marin Insfran", "given_name": "Alejandro Fabian", "family_name": "Marin Insfran", "picture": "https://lh3.googleusercontent.com/a/ALm5wu0GuOl1KPTkjQq4aezWN57haipS6BYh2JOJ51l4=s96-c", "locale": "es", "hd": "fpuna.edu.py"}	2
\.


--
-- Data for Name: socialaccount_socialapp; Type: TABLE DATA; Schema: public; Owner: usuario
--

COPY public.socialaccount_socialapp (id, provider, name, client_id, secret, key) FROM stdin;
1	google	Google SSO	140528966822-ufv3e4gs4r721ogn4bgpddv2rghp2dsm.apps.googleusercontent.com	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	
\.


--
-- Data for Name: socialaccount_socialapp_sites; Type: TABLE DATA; Schema: public; Owner: usuario
--

COPY public.socialaccount_socialapp_sites (id, socialapp_id, site_id) FROM stdin;
1	1	1
\.


--
-- Data for Name: socialaccount_socialtoken; Type: TABLE DATA; Schema: public; Owner: usuario
--

COPY public.socialaccount_socialtoken (id, token, token_secret, expires_at, account_id, app_id) FROM stdin;
\.


--
-- Name: Proyect_Agile_miembro_id_seq; Type: SEQUENCE SET; Schema: public; Owner: usuario
--

SELECT pg_catalog.setval('public."Proyect_Agile_miembro_id_seq"', 1, false);


--
-- Name: Proyect_Agile_planningpoker_id_seq; Type: SEQUENCE SET; Schema: public; Owner: usuario
--

SELECT pg_catalog.setval('public."Proyect_Agile_planningpoker_id_seq"', 1, false);


--
-- Name: Proyect_Agile_proyecto_id_seq; Type: SEQUENCE SET; Schema: public; Owner: usuario
--

SELECT pg_catalog.setval('public."Proyect_Agile_proyecto_id_seq"', 1, false);


--
-- Name: Proyect_Agile_proyecto_miembros_id_seq; Type: SEQUENCE SET; Schema: public; Owner: usuario
--

SELECT pg_catalog.setval('public."Proyect_Agile_proyecto_miembros_id_seq"', 1, false);


--
-- Name: Proyect_Agile_rol_id_seq; Type: SEQUENCE SET; Schema: public; Owner: usuario
--

SELECT pg_catalog.setval('public."Proyect_Agile_rol_id_seq"', 1, true);


--
-- Name: Proyect_Agile_sprint_id_seq; Type: SEQUENCE SET; Schema: public; Owner: usuario
--

SELECT pg_catalog.setval('public."Proyect_Agile_sprint_id_seq"', 1, false);


--
-- Name: Proyect_Agile_tarea_id_seq; Type: SEQUENCE SET; Schema: public; Owner: usuario
--

SELECT pg_catalog.setval('public."Proyect_Agile_tarea_id_seq"', 1, false);


--
-- Name: Proyect_Agile_tipous_id_seq; Type: SEQUENCE SET; Schema: public; Owner: usuario
--

SELECT pg_catalog.setval('public."Proyect_Agile_tipous_id_seq"', 1, false);


--
-- Name: Proyect_Agile_user_story_id_seq; Type: SEQUENCE SET; Schema: public; Owner: usuario
--

SELECT pg_catalog.setval('public."Proyect_Agile_user_story_id_seq"', 1, false);


--
-- Name: account_emailaddress_id_seq; Type: SEQUENCE SET; Schema: public; Owner: usuario
--

SELECT pg_catalog.setval('public.account_emailaddress_id_seq', 1, true);


--
-- Name: account_emailconfirmation_id_seq; Type: SEQUENCE SET; Schema: public; Owner: usuario
--

SELECT pg_catalog.setval('public.account_emailconfirmation_id_seq', 1, false);


--
-- Name: auth_group_id_seq; Type: SEQUENCE SET; Schema: public; Owner: usuario
--

SELECT pg_catalog.setval('public.auth_group_id_seq', 1, true);


--
-- Name: auth_group_permissions_id_seq; Type: SEQUENCE SET; Schema: public; Owner: usuario
--

SELECT pg_catalog.setval('public.auth_group_permissions_id_seq', 1, false);


--
-- Name: auth_permission_id_seq; Type: SEQUENCE SET; Schema: public; Owner: usuario
--

SELECT pg_catalog.setval('public.auth_permission_id_seq', 1, false);


--
-- Name: auth_user_groups_id_seq; Type: SEQUENCE SET; Schema: public; Owner: usuario
--

SELECT pg_catalog.setval('public.auth_user_groups_id_seq', 6, true);


--
-- Name: auth_user_id_seq; Type: SEQUENCE SET; Schema: public; Owner: usuario
--

SELECT pg_catalog.setval('public.auth_user_id_seq', 2, true);


--
-- Name: auth_user_user_permissions_id_seq; Type: SEQUENCE SET; Schema: public; Owner: usuario
--

SELECT pg_catalog.setval('public.auth_user_user_permissions_id_seq', 1, false);


--
-- Name: django_admin_log_id_seq; Type: SEQUENCE SET; Schema: public; Owner: usuario
--

SELECT pg_catalog.setval('public.django_admin_log_id_seq', 2, true);


--
-- Name: django_content_type_id_seq; Type: SEQUENCE SET; Schema: public; Owner: usuario
--

SELECT pg_catalog.setval('public.django_content_type_id_seq', 1, false);


--
-- Name: django_migrations_id_seq; Type: SEQUENCE SET; Schema: public; Owner: usuario
--

SELECT pg_catalog.setval('public.django_migrations_id_seq', 7, true);


--
-- Name: django_site_id_seq; Type: SEQUENCE SET; Schema: public; Owner: usuario
--

SELECT pg_catalog.setval('public.django_site_id_seq', 1, true);


--
-- Name: socialaccount_socialaccount_id_seq; Type: SEQUENCE SET; Schema: public; Owner: usuario
--

SELECT pg_catalog.setval('public.socialaccount_socialaccount_id_seq', 1, true);


--
-- Name: socialaccount_socialapp_id_seq; Type: SEQUENCE SET; Schema: public; Owner: usuario
--

SELECT pg_catalog.setval('public.socialaccount_socialapp_id_seq', 1, true);


--
-- Name: socialaccount_socialapp_sites_id_seq; Type: SEQUENCE SET; Schema: public; Owner: usuario
--

SELECT pg_catalog.setval('public.socialaccount_socialapp_sites_id_seq', 1, true);


--
-- Name: socialaccount_socialtoken_id_seq; Type: SEQUENCE SET; Schema: public; Owner: usuario
--

SELECT pg_catalog.setval('public.socialaccount_socialtoken_id_seq', 1, false);


--
-- Name: Proyect_Agile_miembro Proyect_Agile_miembro_pkey; Type: CONSTRAINT; Schema: public; Owner: usuario
--

ALTER TABLE ONLY public."Proyect_Agile_miembro"
    ADD CONSTRAINT "Proyect_Agile_miembro_pkey" PRIMARY KEY (id);


--
-- Name: Proyect_Agile_planningpoker Proyect_Agile_planningpoker_pkey; Type: CONSTRAINT; Schema: public; Owner: usuario
--

ALTER TABLE ONLY public."Proyect_Agile_planningpoker"
    ADD CONSTRAINT "Proyect_Agile_planningpoker_pkey" PRIMARY KEY (id);


--
-- Name: Proyect_Agile_proyecto_miembros Proyect_Agile_proyecto_m_proyecto_id_miembro_id_f38a9384_uniq; Type: CONSTRAINT; Schema: public; Owner: usuario
--

ALTER TABLE ONLY public."Proyect_Agile_proyecto_miembros"
    ADD CONSTRAINT "Proyect_Agile_proyecto_m_proyecto_id_miembro_id_f38a9384_uniq" UNIQUE (proyecto_id, miembro_id);


--
-- Name: Proyect_Agile_proyecto_miembros Proyect_Agile_proyecto_miembros_pkey; Type: CONSTRAINT; Schema: public; Owner: usuario
--

ALTER TABLE ONLY public."Proyect_Agile_proyecto_miembros"
    ADD CONSTRAINT "Proyect_Agile_proyecto_miembros_pkey" PRIMARY KEY (id);


--
-- Name: Proyect_Agile_proyecto Proyect_Agile_proyecto_pkey; Type: CONSTRAINT; Schema: public; Owner: usuario
--

ALTER TABLE ONLY public."Proyect_Agile_proyecto"
    ADD CONSTRAINT "Proyect_Agile_proyecto_pkey" PRIMARY KEY (id);


--
-- Name: Proyect_Agile_rol Proyect_Agile_rol_pkey; Type: CONSTRAINT; Schema: public; Owner: usuario
--

ALTER TABLE ONLY public."Proyect_Agile_rol"
    ADD CONSTRAINT "Proyect_Agile_rol_pkey" PRIMARY KEY (id);


--
-- Name: Proyect_Agile_sprint Proyect_Agile_sprint_pkey; Type: CONSTRAINT; Schema: public; Owner: usuario
--

ALTER TABLE ONLY public."Proyect_Agile_sprint"
    ADD CONSTRAINT "Proyect_Agile_sprint_pkey" PRIMARY KEY (id);


--
-- Name: Proyect_Agile_tarea Proyect_Agile_tarea_pkey; Type: CONSTRAINT; Schema: public; Owner: usuario
--

ALTER TABLE ONLY public."Proyect_Agile_tarea"
    ADD CONSTRAINT "Proyect_Agile_tarea_pkey" PRIMARY KEY (id);


--
-- Name: Proyect_Agile_tipous Proyect_Agile_tipous_pkey; Type: CONSTRAINT; Schema: public; Owner: usuario
--

ALTER TABLE ONLY public."Proyect_Agile_tipous"
    ADD CONSTRAINT "Proyect_Agile_tipous_pkey" PRIMARY KEY (id);


--
-- Name: Proyect_Agile_user_story Proyect_Agile_user_story_pkey; Type: CONSTRAINT; Schema: public; Owner: usuario
--

ALTER TABLE ONLY public."Proyect_Agile_user_story"
    ADD CONSTRAINT "Proyect_Agile_user_story_pkey" PRIMARY KEY (id);


--
-- Name: account_emailaddress account_emailaddress_email_key; Type: CONSTRAINT; Schema: public; Owner: usuario
--

ALTER TABLE ONLY public.account_emailaddress
    ADD CONSTRAINT account_emailaddress_email_key UNIQUE (email);


--
-- Name: account_emailaddress account_emailaddress_pkey; Type: CONSTRAINT; Schema: public; Owner: usuario
--

ALTER TABLE ONLY public.account_emailaddress
    ADD CONSTRAINT account_emailaddress_pkey PRIMARY KEY (id);


--
-- Name: account_emailconfirmation account_emailconfirmation_key_key; Type: CONSTRAINT; Schema: public; Owner: usuario
--

ALTER TABLE ONLY public.account_emailconfirmation
    ADD CONSTRAINT account_emailconfirmation_key_key UNIQUE (key);


--
-- Name: account_emailconfirmation account_emailconfirmation_pkey; Type: CONSTRAINT; Schema: public; Owner: usuario
--

ALTER TABLE ONLY public.account_emailconfirmation
    ADD CONSTRAINT account_emailconfirmation_pkey PRIMARY KEY (id);


--
-- Name: auth_group auth_group_name_key; Type: CONSTRAINT; Schema: public; Owner: usuario
--

ALTER TABLE ONLY public.auth_group
    ADD CONSTRAINT auth_group_name_key UNIQUE (name);


--
-- Name: auth_group_permissions auth_group_permissions_group_id_permission_id_0cd325b0_uniq; Type: CONSTRAINT; Schema: public; Owner: usuario
--

ALTER TABLE ONLY public.auth_group_permissions
    ADD CONSTRAINT auth_group_permissions_group_id_permission_id_0cd325b0_uniq UNIQUE (group_id, permission_id);


--
-- Name: auth_group_permissions auth_group_permissions_pkey; Type: CONSTRAINT; Schema: public; Owner: usuario
--

ALTER TABLE ONLY public.auth_group_permissions
    ADD CONSTRAINT auth_group_permissions_pkey PRIMARY KEY (id);


--
-- Name: auth_group auth_group_pkey; Type: CONSTRAINT; Schema: public; Owner: usuario
--

ALTER TABLE ONLY public.auth_group
    ADD CONSTRAINT auth_group_pkey PRIMARY KEY (id);


--
-- Name: auth_permission auth_permission_content_type_id_codename_01ab375a_uniq; Type: CONSTRAINT; Schema: public; Owner: usuario
--

ALTER TABLE ONLY public.auth_permission
    ADD CONSTRAINT auth_permission_content_type_id_codename_01ab375a_uniq UNIQUE (content_type_id, codename);


--
-- Name: auth_permission auth_permission_pkey; Type: CONSTRAINT; Schema: public; Owner: usuario
--

ALTER TABLE ONLY public.auth_permission
    ADD CONSTRAINT auth_permission_pkey PRIMARY KEY (id);


--
-- Name: auth_user_groups auth_user_groups_pkey; Type: CONSTRAINT; Schema: public; Owner: usuario
--

ALTER TABLE ONLY public.auth_user_groups
    ADD CONSTRAINT auth_user_groups_pkey PRIMARY KEY (id);


--
-- Name: auth_user_groups auth_user_groups_user_id_group_id_94350c0c_uniq; Type: CONSTRAINT; Schema: public; Owner: usuario
--

ALTER TABLE ONLY public.auth_user_groups
    ADD CONSTRAINT auth_user_groups_user_id_group_id_94350c0c_uniq UNIQUE (user_id, group_id);


--
-- Name: auth_user auth_user_pkey; Type: CONSTRAINT; Schema: public; Owner: usuario
--

ALTER TABLE ONLY public.auth_user
    ADD CONSTRAINT auth_user_pkey PRIMARY KEY (id);


--
-- Name: auth_user_user_permissions auth_user_user_permissions_pkey; Type: CONSTRAINT; Schema: public; Owner: usuario
--

ALTER TABLE ONLY public.auth_user_user_permissions
    ADD CONSTRAINT auth_user_user_permissions_pkey PRIMARY KEY (id);


--
-- Name: auth_user_user_permissions auth_user_user_permissions_user_id_permission_id_14a6b632_uniq; Type: CONSTRAINT; Schema: public; Owner: usuario
--

ALTER TABLE ONLY public.auth_user_user_permissions
    ADD CONSTRAINT auth_user_user_permissions_user_id_permission_id_14a6b632_uniq UNIQUE (user_id, permission_id);


--
-- Name: auth_user auth_user_username_key; Type: CONSTRAINT; Schema: public; Owner: usuario
--

ALTER TABLE ONLY public.auth_user
    ADD CONSTRAINT auth_user_username_key UNIQUE (username);


--
-- Name: django_admin_log django_admin_log_pkey; Type: CONSTRAINT; Schema: public; Owner: usuario
--

ALTER TABLE ONLY public.django_admin_log
    ADD CONSTRAINT django_admin_log_pkey PRIMARY KEY (id);


--
-- Name: django_content_type django_content_type_app_label_model_76bd3d3b_uniq; Type: CONSTRAINT; Schema: public; Owner: usuario
--

ALTER TABLE ONLY public.django_content_type
    ADD CONSTRAINT django_content_type_app_label_model_76bd3d3b_uniq UNIQUE (app_label, model);


--
-- Name: django_content_type django_content_type_pkey; Type: CONSTRAINT; Schema: public; Owner: usuario
--

ALTER TABLE ONLY public.django_content_type
    ADD CONSTRAINT django_content_type_pkey PRIMARY KEY (id);


--
-- Name: django_migrations django_migrations_pkey; Type: CONSTRAINT; Schema: public; Owner: usuario
--

ALTER TABLE ONLY public.django_migrations
    ADD CONSTRAINT django_migrations_pkey PRIMARY KEY (id);


--
-- Name: django_session django_session_pkey; Type: CONSTRAINT; Schema: public; Owner: usuario
--

ALTER TABLE ONLY public.django_session
    ADD CONSTRAINT django_session_pkey PRIMARY KEY (session_key);


--
-- Name: django_site django_site_domain_a2e37b91_uniq; Type: CONSTRAINT; Schema: public; Owner: usuario
--

ALTER TABLE ONLY public.django_site
    ADD CONSTRAINT django_site_domain_a2e37b91_uniq UNIQUE (domain);


--
-- Name: django_site django_site_pkey; Type: CONSTRAINT; Schema: public; Owner: usuario
--

ALTER TABLE ONLY public.django_site
    ADD CONSTRAINT django_site_pkey PRIMARY KEY (id);


--
-- Name: socialaccount_socialaccount socialaccount_socialaccount_pkey; Type: CONSTRAINT; Schema: public; Owner: usuario
--

ALTER TABLE ONLY public.socialaccount_socialaccount
    ADD CONSTRAINT socialaccount_socialaccount_pkey PRIMARY KEY (id);


--
-- Name: socialaccount_socialaccount socialaccount_socialaccount_provider_uid_fc810c6e_uniq; Type: CONSTRAINT; Schema: public; Owner: usuario
--

ALTER TABLE ONLY public.socialaccount_socialaccount
    ADD CONSTRAINT socialaccount_socialaccount_provider_uid_fc810c6e_uniq UNIQUE (provider, uid);


--
-- Name: socialaccount_socialapp_sites socialaccount_socialapp__socialapp_id_site_id_71a9a768_uniq; Type: CONSTRAINT; Schema: public; Owner: usuario
--

ALTER TABLE ONLY public.socialaccount_socialapp_sites
    ADD CONSTRAINT socialaccount_socialapp__socialapp_id_site_id_71a9a768_uniq UNIQUE (socialapp_id, site_id);


--
-- Name: socialaccount_socialapp socialaccount_socialapp_pkey; Type: CONSTRAINT; Schema: public; Owner: usuario
--

ALTER TABLE ONLY public.socialaccount_socialapp
    ADD CONSTRAINT socialaccount_socialapp_pkey PRIMARY KEY (id);


--
-- Name: socialaccount_socialapp_sites socialaccount_socialapp_sites_pkey; Type: CONSTRAINT; Schema: public; Owner: usuario
--

ALTER TABLE ONLY public.socialaccount_socialapp_sites
    ADD CONSTRAINT socialaccount_socialapp_sites_pkey PRIMARY KEY (id);


--
-- Name: socialaccount_socialtoken socialaccount_socialtoken_app_id_account_id_fca4e0ac_uniq; Type: CONSTRAINT; Schema: public; Owner: usuario
--

ALTER TABLE ONLY public.socialaccount_socialtoken
    ADD CONSTRAINT socialaccount_socialtoken_app_id_account_id_fca4e0ac_uniq UNIQUE (app_id, account_id);


--
-- Name: socialaccount_socialtoken socialaccount_socialtoken_pkey; Type: CONSTRAINT; Schema: public; Owner: usuario
--

ALTER TABLE ONLY public.socialaccount_socialtoken
    ADD CONSTRAINT socialaccount_socialtoken_pkey PRIMARY KEY (id);


--
-- Name: Proyect_Agile_miembro_idproyecto_id_f195b23a; Type: INDEX; Schema: public; Owner: usuario
--

CREATE INDEX "Proyect_Agile_miembro_idproyecto_id_f195b23a" ON public."Proyect_Agile_miembro" USING btree (idproyecto_id);


--
-- Name: Proyect_Agile_miembro_idrol_id_dc545b0e; Type: INDEX; Schema: public; Owner: usuario
--

CREATE INDEX "Proyect_Agile_miembro_idrol_id_dc545b0e" ON public."Proyect_Agile_miembro" USING btree (idrol_id);


--
-- Name: Proyect_Agile_miembro_usuario_id_a610b871; Type: INDEX; Schema: public; Owner: usuario
--

CREATE INDEX "Proyect_Agile_miembro_usuario_id_a610b871" ON public."Proyect_Agile_miembro" USING btree (usuario_id);


--
-- Name: Proyect_Agile_planningpoker_idSprint_id_7ce2f223; Type: INDEX; Schema: public; Owner: usuario
--

CREATE INDEX "Proyect_Agile_planningpoker_idSprint_id_7ce2f223" ON public."Proyect_Agile_planningpoker" USING btree ("idSprint_id");


--
-- Name: Proyect_Agile_planningpoker_idUs_id_8660ad1b; Type: INDEX; Schema: public; Owner: usuario
--

CREATE INDEX "Proyect_Agile_planningpoker_idUs_id_8660ad1b" ON public."Proyect_Agile_planningpoker" USING btree ("idUs_id");


--
-- Name: Proyect_Agile_planningpoker_miembroEncargado_id_85d3041a; Type: INDEX; Schema: public; Owner: usuario
--

CREATE INDEX "Proyect_Agile_planningpoker_miembroEncargado_id_85d3041a" ON public."Proyect_Agile_planningpoker" USING btree ("miembroEncargado_id");


--
-- Name: Proyect_Agile_proyecto_miembros_miembro_id_5d96c26b; Type: INDEX; Schema: public; Owner: usuario
--

CREATE INDEX "Proyect_Agile_proyecto_miembros_miembro_id_5d96c26b" ON public."Proyect_Agile_proyecto_miembros" USING btree (miembro_id);


--
-- Name: Proyect_Agile_proyecto_miembros_proyecto_id_74a784dd; Type: INDEX; Schema: public; Owner: usuario
--

CREATE INDEX "Proyect_Agile_proyecto_miembros_proyecto_id_74a784dd" ON public."Proyect_Agile_proyecto_miembros" USING btree (proyecto_id);


--
-- Name: Proyect_Agile_proyecto_scrumMaster_id_390fcb74; Type: INDEX; Schema: public; Owner: usuario
--

CREATE INDEX "Proyect_Agile_proyecto_scrumMaster_id_390fcb74" ON public."Proyect_Agile_proyecto" USING btree ("scrumMaster_id");


--
-- Name: Proyect_Agile_rol_idProyecto_id_efb8f353; Type: INDEX; Schema: public; Owner: usuario
--

CREATE INDEX "Proyect_Agile_rol_idProyecto_id_efb8f353" ON public."Proyect_Agile_rol" USING btree ("idProyecto_id");


--
-- Name: Proyect_Agile_sprint_idproyecto_id_11251261; Type: INDEX; Schema: public; Owner: usuario
--

CREATE INDEX "Proyect_Agile_sprint_idproyecto_id_11251261" ON public."Proyect_Agile_sprint" USING btree (idproyecto_id);


--
-- Name: Proyect_Agile_tarea_idUs_id_63c6def7; Type: INDEX; Schema: public; Owner: usuario
--

CREATE INDEX "Proyect_Agile_tarea_idUs_id_63c6def7" ON public."Proyect_Agile_tarea" USING btree ("idUs_id");


--
-- Name: Proyect_Agile_tipous_idproyecto_id_d72aae61; Type: INDEX; Schema: public; Owner: usuario
--

CREATE INDEX "Proyect_Agile_tipous_idproyecto_id_d72aae61" ON public."Proyect_Agile_tipous" USING btree (idproyecto_id);


--
-- Name: Proyect_Agile_user_story_idSprint_id_06d6240d; Type: INDEX; Schema: public; Owner: usuario
--

CREATE INDEX "Proyect_Agile_user_story_idSprint_id_06d6240d" ON public."Proyect_Agile_user_story" USING btree ("idSprint_id");


--
-- Name: Proyect_Agile_user_story_idproyecto_id_7d0bf53e; Type: INDEX; Schema: public; Owner: usuario
--

CREATE INDEX "Proyect_Agile_user_story_idproyecto_id_7d0bf53e" ON public."Proyect_Agile_user_story" USING btree (idproyecto_id);


--
-- Name: Proyect_Agile_user_story_miembroEncargado_id_3337f63c; Type: INDEX; Schema: public; Owner: usuario
--

CREATE INDEX "Proyect_Agile_user_story_miembroEncargado_id_3337f63c" ON public."Proyect_Agile_user_story" USING btree ("miembroEncargado_id");


--
-- Name: Proyect_Agile_user_story_tipo_id_5b1ee670; Type: INDEX; Schema: public; Owner: usuario
--

CREATE INDEX "Proyect_Agile_user_story_tipo_id_5b1ee670" ON public."Proyect_Agile_user_story" USING btree (tipo_id);


--
-- Name: account_emailaddress_email_03be32b2_like; Type: INDEX; Schema: public; Owner: usuario
--

CREATE INDEX account_emailaddress_email_03be32b2_like ON public.account_emailaddress USING btree (email varchar_pattern_ops);


--
-- Name: account_emailaddress_user_id_2c513194; Type: INDEX; Schema: public; Owner: usuario
--

CREATE INDEX account_emailaddress_user_id_2c513194 ON public.account_emailaddress USING btree (user_id);


--
-- Name: account_emailconfirmation_email_address_id_5b7f8c58; Type: INDEX; Schema: public; Owner: usuario
--

CREATE INDEX account_emailconfirmation_email_address_id_5b7f8c58 ON public.account_emailconfirmation USING btree (email_address_id);


--
-- Name: account_emailconfirmation_key_f43612bd_like; Type: INDEX; Schema: public; Owner: usuario
--

CREATE INDEX account_emailconfirmation_key_f43612bd_like ON public.account_emailconfirmation USING btree (key varchar_pattern_ops);


--
-- Name: auth_group_name_a6ea08ec_like; Type: INDEX; Schema: public; Owner: usuario
--

CREATE INDEX auth_group_name_a6ea08ec_like ON public.auth_group USING btree (name varchar_pattern_ops);


--
-- Name: auth_group_permissions_group_id_b120cbf9; Type: INDEX; Schema: public; Owner: usuario
--

CREATE INDEX auth_group_permissions_group_id_b120cbf9 ON public.auth_group_permissions USING btree (group_id);


--
-- Name: auth_group_permissions_permission_id_84c5c92e; Type: INDEX; Schema: public; Owner: usuario
--

CREATE INDEX auth_group_permissions_permission_id_84c5c92e ON public.auth_group_permissions USING btree (permission_id);


--
-- Name: auth_permission_content_type_id_2f476e4b; Type: INDEX; Schema: public; Owner: usuario
--

CREATE INDEX auth_permission_content_type_id_2f476e4b ON public.auth_permission USING btree (content_type_id);


--
-- Name: auth_user_groups_group_id_97559544; Type: INDEX; Schema: public; Owner: usuario
--

CREATE INDEX auth_user_groups_group_id_97559544 ON public.auth_user_groups USING btree (group_id);


--
-- Name: auth_user_groups_user_id_6a12ed8b; Type: INDEX; Schema: public; Owner: usuario
--

CREATE INDEX auth_user_groups_user_id_6a12ed8b ON public.auth_user_groups USING btree (user_id);


--
-- Name: auth_user_user_permissions_permission_id_1fbb5f2c; Type: INDEX; Schema: public; Owner: usuario
--

CREATE INDEX auth_user_user_permissions_permission_id_1fbb5f2c ON public.auth_user_user_permissions USING btree (permission_id);


--
-- Name: auth_user_user_permissions_user_id_a95ead1b; Type: INDEX; Schema: public; Owner: usuario
--

CREATE INDEX auth_user_user_permissions_user_id_a95ead1b ON public.auth_user_user_permissions USING btree (user_id);


--
-- Name: auth_user_username_6821ab7c_like; Type: INDEX; Schema: public; Owner: usuario
--

CREATE INDEX auth_user_username_6821ab7c_like ON public.auth_user USING btree (username varchar_pattern_ops);


--
-- Name: django_admin_log_content_type_id_c4bce8eb; Type: INDEX; Schema: public; Owner: usuario
--

CREATE INDEX django_admin_log_content_type_id_c4bce8eb ON public.django_admin_log USING btree (content_type_id);


--
-- Name: django_admin_log_user_id_c564eba6; Type: INDEX; Schema: public; Owner: usuario
--

CREATE INDEX django_admin_log_user_id_c564eba6 ON public.django_admin_log USING btree (user_id);


--
-- Name: django_session_expire_date_a5c62663; Type: INDEX; Schema: public; Owner: usuario
--

CREATE INDEX django_session_expire_date_a5c62663 ON public.django_session USING btree (expire_date);


--
-- Name: django_session_session_key_c0390e0f_like; Type: INDEX; Schema: public; Owner: usuario
--

CREATE INDEX django_session_session_key_c0390e0f_like ON public.django_session USING btree (session_key varchar_pattern_ops);


--
-- Name: django_site_domain_a2e37b91_like; Type: INDEX; Schema: public; Owner: usuario
--

CREATE INDEX django_site_domain_a2e37b91_like ON public.django_site USING btree (domain varchar_pattern_ops);


--
-- Name: socialaccount_socialaccount_user_id_8146e70c; Type: INDEX; Schema: public; Owner: usuario
--

CREATE INDEX socialaccount_socialaccount_user_id_8146e70c ON public.socialaccount_socialaccount USING btree (user_id);


--
-- Name: socialaccount_socialapp_sites_site_id_2579dee5; Type: INDEX; Schema: public; Owner: usuario
--

CREATE INDEX socialaccount_socialapp_sites_site_id_2579dee5 ON public.socialaccount_socialapp_sites USING btree (site_id);


--
-- Name: socialaccount_socialapp_sites_socialapp_id_97fb6e7d; Type: INDEX; Schema: public; Owner: usuario
--

CREATE INDEX socialaccount_socialapp_sites_socialapp_id_97fb6e7d ON public.socialaccount_socialapp_sites USING btree (socialapp_id);


--
-- Name: socialaccount_socialtoken_account_id_951f210e; Type: INDEX; Schema: public; Owner: usuario
--

CREATE INDEX socialaccount_socialtoken_account_id_951f210e ON public.socialaccount_socialtoken USING btree (account_id);


--
-- Name: socialaccount_socialtoken_app_id_636a42d7; Type: INDEX; Schema: public; Owner: usuario
--

CREATE INDEX socialaccount_socialtoken_app_id_636a42d7 ON public.socialaccount_socialtoken USING btree (app_id);


--
-- Name: Proyect_Agile_miembro Proyect_Agile_miembr_idproyecto_id_f195b23a_fk_Proyect_A; Type: FK CONSTRAINT; Schema: public; Owner: usuario
--

ALTER TABLE ONLY public."Proyect_Agile_miembro"
    ADD CONSTRAINT "Proyect_Agile_miembr_idproyecto_id_f195b23a_fk_Proyect_A" FOREIGN KEY (idproyecto_id) REFERENCES public."Proyect_Agile_proyecto"(id) DEFERRABLE INITIALLY DEFERRED;


--
-- Name: Proyect_Agile_miembro Proyect_Agile_miembro_idrol_id_dc545b0e_fk_Proyect_Agile_rol_id; Type: FK CONSTRAINT; Schema: public; Owner: usuario
--

ALTER TABLE ONLY public."Proyect_Agile_miembro"
    ADD CONSTRAINT "Proyect_Agile_miembro_idrol_id_dc545b0e_fk_Proyect_Agile_rol_id" FOREIGN KEY (idrol_id) REFERENCES public."Proyect_Agile_rol"(id) DEFERRABLE INITIALLY DEFERRED;


--
-- Name: Proyect_Agile_miembro Proyect_Agile_miembro_usuario_id_a610b871_fk_auth_user_id; Type: FK CONSTRAINT; Schema: public; Owner: usuario
--

ALTER TABLE ONLY public."Proyect_Agile_miembro"
    ADD CONSTRAINT "Proyect_Agile_miembro_usuario_id_a610b871_fk_auth_user_id" FOREIGN KEY (usuario_id) REFERENCES public.auth_user(id) DEFERRABLE INITIALLY DEFERRED;


--
-- Name: Proyect_Agile_planningpoker Proyect_Agile_planni_idSprint_id_7ce2f223_fk_Proyect_A; Type: FK CONSTRAINT; Schema: public; Owner: usuario
--

ALTER TABLE ONLY public."Proyect_Agile_planningpoker"
    ADD CONSTRAINT "Proyect_Agile_planni_idSprint_id_7ce2f223_fk_Proyect_A" FOREIGN KEY ("idSprint_id") REFERENCES public."Proyect_Agile_sprint"(id) DEFERRABLE INITIALLY DEFERRED;


--
-- Name: Proyect_Agile_planningpoker Proyect_Agile_planni_idUs_id_8660ad1b_fk_Proyect_A; Type: FK CONSTRAINT; Schema: public; Owner: usuario
--

ALTER TABLE ONLY public."Proyect_Agile_planningpoker"
    ADD CONSTRAINT "Proyect_Agile_planni_idUs_id_8660ad1b_fk_Proyect_A" FOREIGN KEY ("idUs_id") REFERENCES public."Proyect_Agile_user_story"(id) DEFERRABLE INITIALLY DEFERRED;


--
-- Name: Proyect_Agile_planningpoker Proyect_Agile_planni_miembroEncargado_id_85d3041a_fk_Proyect_A; Type: FK CONSTRAINT; Schema: public; Owner: usuario
--

ALTER TABLE ONLY public."Proyect_Agile_planningpoker"
    ADD CONSTRAINT "Proyect_Agile_planni_miembroEncargado_id_85d3041a_fk_Proyect_A" FOREIGN KEY ("miembroEncargado_id") REFERENCES public."Proyect_Agile_miembro"(id) DEFERRABLE INITIALLY DEFERRED;


--
-- Name: Proyect_Agile_proyecto_miembros Proyect_Agile_proyec_miembro_id_5d96c26b_fk_Proyect_A; Type: FK CONSTRAINT; Schema: public; Owner: usuario
--

ALTER TABLE ONLY public."Proyect_Agile_proyecto_miembros"
    ADD CONSTRAINT "Proyect_Agile_proyec_miembro_id_5d96c26b_fk_Proyect_A" FOREIGN KEY (miembro_id) REFERENCES public."Proyect_Agile_miembro"(id) DEFERRABLE INITIALLY DEFERRED;


--
-- Name: Proyect_Agile_proyecto_miembros Proyect_Agile_proyec_proyecto_id_74a784dd_fk_Proyect_A; Type: FK CONSTRAINT; Schema: public; Owner: usuario
--

ALTER TABLE ONLY public."Proyect_Agile_proyecto_miembros"
    ADD CONSTRAINT "Proyect_Agile_proyec_proyecto_id_74a784dd_fk_Proyect_A" FOREIGN KEY (proyecto_id) REFERENCES public."Proyect_Agile_proyecto"(id) DEFERRABLE INITIALLY DEFERRED;


--
-- Name: Proyect_Agile_proyecto Proyect_Agile_proyecto_scrumMaster_id_390fcb74_fk_auth_user_id; Type: FK CONSTRAINT; Schema: public; Owner: usuario
--

ALTER TABLE ONLY public."Proyect_Agile_proyecto"
    ADD CONSTRAINT "Proyect_Agile_proyecto_scrumMaster_id_390fcb74_fk_auth_user_id" FOREIGN KEY ("scrumMaster_id") REFERENCES public.auth_user(id) DEFERRABLE INITIALLY DEFERRED;


--
-- Name: Proyect_Agile_rol Proyect_Agile_rol_idProyecto_id_efb8f353_fk_Proyect_A; Type: FK CONSTRAINT; Schema: public; Owner: usuario
--

ALTER TABLE ONLY public."Proyect_Agile_rol"
    ADD CONSTRAINT "Proyect_Agile_rol_idProyecto_id_efb8f353_fk_Proyect_A" FOREIGN KEY ("idProyecto_id") REFERENCES public."Proyect_Agile_proyecto"(id) DEFERRABLE INITIALLY DEFERRED;


--
-- Name: Proyect_Agile_sprint Proyect_Agile_sprint_idproyecto_id_11251261_fk_Proyect_A; Type: FK CONSTRAINT; Schema: public; Owner: usuario
--

ALTER TABLE ONLY public."Proyect_Agile_sprint"
    ADD CONSTRAINT "Proyect_Agile_sprint_idproyecto_id_11251261_fk_Proyect_A" FOREIGN KEY (idproyecto_id) REFERENCES public."Proyect_Agile_proyecto"(id) DEFERRABLE INITIALLY DEFERRED;


--
-- Name: Proyect_Agile_tarea Proyect_Agile_tarea_idUs_id_63c6def7_fk_Proyect_A; Type: FK CONSTRAINT; Schema: public; Owner: usuario
--

ALTER TABLE ONLY public."Proyect_Agile_tarea"
    ADD CONSTRAINT "Proyect_Agile_tarea_idUs_id_63c6def7_fk_Proyect_A" FOREIGN KEY ("idUs_id") REFERENCES public."Proyect_Agile_user_story"(id) DEFERRABLE INITIALLY DEFERRED;


--
-- Name: Proyect_Agile_tipous Proyect_Agile_tipous_idproyecto_id_d72aae61_fk_Proyect_A; Type: FK CONSTRAINT; Schema: public; Owner: usuario
--

ALTER TABLE ONLY public."Proyect_Agile_tipous"
    ADD CONSTRAINT "Proyect_Agile_tipous_idproyecto_id_d72aae61_fk_Proyect_A" FOREIGN KEY (idproyecto_id) REFERENCES public."Proyect_Agile_proyecto"(id) DEFERRABLE INITIALLY DEFERRED;


--
-- Name: Proyect_Agile_user_story Proyect_Agile_user_s_idSprint_id_06d6240d_fk_Proyect_A; Type: FK CONSTRAINT; Schema: public; Owner: usuario
--

ALTER TABLE ONLY public."Proyect_Agile_user_story"
    ADD CONSTRAINT "Proyect_Agile_user_s_idSprint_id_06d6240d_fk_Proyect_A" FOREIGN KEY ("idSprint_id") REFERENCES public."Proyect_Agile_sprint"(id) DEFERRABLE INITIALLY DEFERRED;


--
-- Name: Proyect_Agile_user_story Proyect_Agile_user_s_idproyecto_id_7d0bf53e_fk_Proyect_A; Type: FK CONSTRAINT; Schema: public; Owner: usuario
--

ALTER TABLE ONLY public."Proyect_Agile_user_story"
    ADD CONSTRAINT "Proyect_Agile_user_s_idproyecto_id_7d0bf53e_fk_Proyect_A" FOREIGN KEY (idproyecto_id) REFERENCES public."Proyect_Agile_proyecto"(id) DEFERRABLE INITIALLY DEFERRED;


--
-- Name: Proyect_Agile_user_story Proyect_Agile_user_s_miembroEncargado_id_3337f63c_fk_Proyect_A; Type: FK CONSTRAINT; Schema: public; Owner: usuario
--

ALTER TABLE ONLY public."Proyect_Agile_user_story"
    ADD CONSTRAINT "Proyect_Agile_user_s_miembroEncargado_id_3337f63c_fk_Proyect_A" FOREIGN KEY ("miembroEncargado_id") REFERENCES public."Proyect_Agile_miembro"(id) DEFERRABLE INITIALLY DEFERRED;


--
-- Name: Proyect_Agile_user_story Proyect_Agile_user_s_tipo_id_5b1ee670_fk_Proyect_A; Type: FK CONSTRAINT; Schema: public; Owner: usuario
--

ALTER TABLE ONLY public."Proyect_Agile_user_story"
    ADD CONSTRAINT "Proyect_Agile_user_s_tipo_id_5b1ee670_fk_Proyect_A" FOREIGN KEY (tipo_id) REFERENCES public."Proyect_Agile_tipous"(id) DEFERRABLE INITIALLY DEFERRED;


--
-- Name: account_emailaddress account_emailaddress_user_id_2c513194_fk_auth_user_id; Type: FK CONSTRAINT; Schema: public; Owner: usuario
--

ALTER TABLE ONLY public.account_emailaddress
    ADD CONSTRAINT account_emailaddress_user_id_2c513194_fk_auth_user_id FOREIGN KEY (user_id) REFERENCES public.auth_user(id) DEFERRABLE INITIALLY DEFERRED;


--
-- Name: account_emailconfirmation account_emailconfirm_email_address_id_5b7f8c58_fk_account_e; Type: FK CONSTRAINT; Schema: public; Owner: usuario
--

ALTER TABLE ONLY public.account_emailconfirmation
    ADD CONSTRAINT account_emailconfirm_email_address_id_5b7f8c58_fk_account_e FOREIGN KEY (email_address_id) REFERENCES public.account_emailaddress(id) DEFERRABLE INITIALLY DEFERRED;


--
-- Name: auth_group_permissions auth_group_permissio_permission_id_84c5c92e_fk_auth_perm; Type: FK CONSTRAINT; Schema: public; Owner: usuario
--

ALTER TABLE ONLY public.auth_group_permissions
    ADD CONSTRAINT auth_group_permissio_permission_id_84c5c92e_fk_auth_perm FOREIGN KEY (permission_id) REFERENCES public.auth_permission(id) DEFERRABLE INITIALLY DEFERRED;


--
-- Name: auth_group_permissions auth_group_permissions_group_id_b120cbf9_fk_auth_group_id; Type: FK CONSTRAINT; Schema: public; Owner: usuario
--

ALTER TABLE ONLY public.auth_group_permissions
    ADD CONSTRAINT auth_group_permissions_group_id_b120cbf9_fk_auth_group_id FOREIGN KEY (group_id) REFERENCES public.auth_group(id) DEFERRABLE INITIALLY DEFERRED;


--
-- Name: auth_permission auth_permission_content_type_id_2f476e4b_fk_django_co; Type: FK CONSTRAINT; Schema: public; Owner: usuario
--

ALTER TABLE ONLY public.auth_permission
    ADD CONSTRAINT auth_permission_content_type_id_2f476e4b_fk_django_co FOREIGN KEY (content_type_id) REFERENCES public.django_content_type(id) DEFERRABLE INITIALLY DEFERRED;


--
-- Name: auth_user_groups auth_user_groups_group_id_97559544_fk_auth_group_id; Type: FK CONSTRAINT; Schema: public; Owner: usuario
--

ALTER TABLE ONLY public.auth_user_groups
    ADD CONSTRAINT auth_user_groups_group_id_97559544_fk_auth_group_id FOREIGN KEY (group_id) REFERENCES public.auth_group(id) DEFERRABLE INITIALLY DEFERRED;


--
-- Name: auth_user_groups auth_user_groups_user_id_6a12ed8b_fk_auth_user_id; Type: FK CONSTRAINT; Schema: public; Owner: usuario
--

ALTER TABLE ONLY public.auth_user_groups
    ADD CONSTRAINT auth_user_groups_user_id_6a12ed8b_fk_auth_user_id FOREIGN KEY (user_id) REFERENCES public.auth_user(id) DEFERRABLE INITIALLY DEFERRED;


--
-- Name: auth_user_user_permissions auth_user_user_permi_permission_id_1fbb5f2c_fk_auth_perm; Type: FK CONSTRAINT; Schema: public; Owner: usuario
--

ALTER TABLE ONLY public.auth_user_user_permissions
    ADD CONSTRAINT auth_user_user_permi_permission_id_1fbb5f2c_fk_auth_perm FOREIGN KEY (permission_id) REFERENCES public.auth_permission(id) DEFERRABLE INITIALLY DEFERRED;


--
-- Name: auth_user_user_permissions auth_user_user_permissions_user_id_a95ead1b_fk_auth_user_id; Type: FK CONSTRAINT; Schema: public; Owner: usuario
--

ALTER TABLE ONLY public.auth_user_user_permissions
    ADD CONSTRAINT auth_user_user_permissions_user_id_a95ead1b_fk_auth_user_id FOREIGN KEY (user_id) REFERENCES public.auth_user(id) DEFERRABLE INITIALLY DEFERRED;


--
-- Name: django_admin_log django_admin_log_content_type_id_c4bce8eb_fk_django_co; Type: FK CONSTRAINT; Schema: public; Owner: usuario
--

ALTER TABLE ONLY public.django_admin_log
    ADD CONSTRAINT django_admin_log_content_type_id_c4bce8eb_fk_django_co FOREIGN KEY (content_type_id) REFERENCES public.django_content_type(id) DEFERRABLE INITIALLY DEFERRED;


--
-- Name: django_admin_log django_admin_log_user_id_c564eba6_fk_auth_user_id; Type: FK CONSTRAINT; Schema: public; Owner: usuario
--

ALTER TABLE ONLY public.django_admin_log
    ADD CONSTRAINT django_admin_log_user_id_c564eba6_fk_auth_user_id FOREIGN KEY (user_id) REFERENCES public.auth_user(id) DEFERRABLE INITIALLY DEFERRED;


--
-- Name: socialaccount_socialtoken socialaccount_social_account_id_951f210e_fk_socialacc; Type: FK CONSTRAINT; Schema: public; Owner: usuario
--

ALTER TABLE ONLY public.socialaccount_socialtoken
    ADD CONSTRAINT socialaccount_social_account_id_951f210e_fk_socialacc FOREIGN KEY (account_id) REFERENCES public.socialaccount_socialaccount(id) DEFERRABLE INITIALLY DEFERRED;


--
-- Name: socialaccount_socialtoken socialaccount_social_app_id_636a42d7_fk_socialacc; Type: FK CONSTRAINT; Schema: public; Owner: usuario
--

ALTER TABLE ONLY public.socialaccount_socialtoken
    ADD CONSTRAINT socialaccount_social_app_id_636a42d7_fk_socialacc FOREIGN KEY (app_id) REFERENCES public.socialaccount_socialapp(id) DEFERRABLE INITIALLY DEFERRED;


--
-- Name: socialaccount_socialapp_sites socialaccount_social_site_id_2579dee5_fk_django_si; Type: FK CONSTRAINT; Schema: public; Owner: usuario
--

ALTER TABLE ONLY public.socialaccount_socialapp_sites
    ADD CONSTRAINT socialaccount_social_site_id_2579dee5_fk_django_si FOREIGN KEY (site_id) REFERENCES public.django_site(id) DEFERRABLE INITIALLY DEFERRED;


--
-- Name: socialaccount_socialapp_sites socialaccount_social_socialapp_id_97fb6e7d_fk_socialacc; Type: FK CONSTRAINT; Schema: public; Owner: usuario
--

ALTER TABLE ONLY public.socialaccount_socialapp_sites
    ADD CONSTRAINT socialaccount_social_socialapp_id_97fb6e7d_fk_socialacc FOREIGN KEY (socialapp_id) REFERENCES public.socialaccount_socialapp(id) DEFERRABLE INITIALLY DEFERRED;


--
-- Name: socialaccount_socialaccount socialaccount_socialaccount_user_id_8146e70c_fk_auth_user_id; Type: FK CONSTRAINT; Schema: public; Owner: usuario
--

ALTER TABLE ONLY public.socialaccount_socialaccount
    ADD CONSTRAINT socialaccount_socialaccount_user_id_8146e70c_fk_auth_user_id FOREIGN KEY (user_id) REFERENCES public.auth_user(id) DEFERRABLE INITIALLY DEFERRED;


--
-- PostgreSQL database dump complete
--

